time,lbr_1,lbr_2,lbr_3,hmgcr_1,hmgcr_2,hmgcr_3,sqle_1,sqle_2,sqle_3,sc4mol_1,sc4mol_2,sc4mol_3,pmvk_1,pmvk_2,pmvk_3,rship_1,rship_2,rship_3,nsdhl_1,nsdhl_2,rship4_1,rship4_2,rship4_3,rship4n_1,rship4n_2,rship4n_3,cyp51a1_1,cyp51a1_2,cyp51a1_3,wt_1,wt_2,wt_3,hetrship4n7_1,hetrship4n7_2,hetrship4n7_3,hetrship4nk_1,hetrship4nk_2,hetrship4n_1,hetrship4n_2,hetrship4n_3,hetrship4nc_1,hetrship4nc_2,hetrship4nc_3,rship4nt_1,rship4nt_2,rship4nt_3,hetrship4nt_1,hetrship4nt_2,rship4ntc_1,rship4ntc_2,rship4ntk_1,rship4ntk_2,rship4ntk_3,mvk_1,mvk_2,mvk_3
0,0.035,0.015,0.025,0.008,0.009,0.01,0.009,0.023,0.011,0.009,0.008,0.01,0.008,0.008,0.012,0.007,0.056,0.006,0.013,0.003,0.026,0.02,0.011,0.007,0.007,0.005,0.008,0.009,0.01,0.01,0.012,0.008,0.008,0.008,0.012,0.006,0.005,0.006,0.003,0.004,0.01,0.015,0.021,0.001,0.001,0.008,0.012,0.014,0.005333333,0.009333333,0.010333333,0.007333333,0.009333333,0.004,0.004,0.005
0.33,0.073,0.038,0.054,0.012,0.015,0.017,0.011,0.026,0.013,0.009,0.007,0.01,0.008,0.008,0.012,0.007,0.061,0.006,0.013,0.003,0.031,0.022,0.01,0.007,0.007,0.005,0.008,0.011,0.012,0.017,0.023,0.016,0.015,0.018,0.025,0.008,0.007,0.014,0.008,0.008,0.017,0.024,0.03,0.002,0.003,0.006,0.016,0.017,0.007333333,0.010333333,0.012333333,0.010333333,0.010333333,0.004,0.004,0.005
0.67,0.102,0.073,0.081,0.019,0.024,0.029,0.013,0.029,0.016,0.01,0.009,0.011,0.009,0.009,0.013,0.008,0.064,0.006,0.013,0.003,0.034,0.024,0.011,0.008,0.008,0.006,0.009,0.012,0.015,0.028,0.037,0.029,0.027,0.033,0.041,0.01,0.009,0.022,0.013,0.012,0.025,0.035,0.043,0.002,0.003,0.008,0.018,0.019,0.007333333,0.011333333,0.012333333,0.010333333,0.011333333,0.004,0.005,0.005
1,0.11,0.098,0.093,0.027,0.036,0.045,0.016,0.032,0.02,0.011,0.009,0.012,0.009,0.009,0.014,0.008,0.067,0.007,0.013,0.003,0.037,0.026,0.012,0.008,0.009,0.006,0.01,0.013,0.014,0.042,0.055,0.044,0.043,0.052,0.061,0.012,0.011,0.034,0.02,0.018,0.035,0.048,0.056,0.002,0.004,0.009,0.02,0.021,0.008333333,0.011333333,0.012333333,0.011333333,0.012333333,0.004,0.005,0.005
1.33,0.114,0.113,0.109,0.036,0.049,0.061,0.02,0.037,0.024,0.013,0.01,0.014,0.009,0.01,0.014,0.008,0.067,0.007,0.013,0.004,0.04,0.029,0.013,0.009,0.009,0.007,0.011,0.015,0.016,0.06,0.074,0.064,0.063,0.075,0.085,0.015,0.013,0.049,0.029,0.025,0.047,0.063,0.069,0.003,0.004,0.01,0.023,0.023,0.008333333,0.011333333,0.012333333,0.011333333,0.012333333,0.005,0.006,0.006
1.67,0.118,0.118,0.122,0.046,0.064,0.078,0.024,0.04,0.028,0.015,0.011,0.016,0.01,0.01,0.015,0.008,0.069,0.008,0.014,0.004,0.043,0.031,0.014,0.009,0.01,0.007,0.011,0.016,0.017,0.078,0.092,0.084,0.085,0.1,0.121,0.018,0.017,0.066,0.041,0.033,0.061,0.079,0.084,0.004,0.005,0.011,0.027,0.026,0.008333333,0.012333333,0.013333333,0.011333333,0.013333333,0.005,0.006,0.006
2,0.124,0.125,0.136,0.058,0.081,0.099,0.029,0.045,0.033,0.015,0.01,0.015,0.01,0.011,0.016,0.009,0.07,0.008,0.014,0.004,0.047,0.033,0.016,0.009,0.01,0.007,0.012,0.017,0.019,0.098,0.111,0.104,0.112,0.131,0.159,0.022,0.021,0.085,0.054,0.045,0.077,0.096,0.102,0.005,0.006,0.013,0.031,0.03,0.008333333,0.012333333,0.013333333,0.012333333,0.013333333,0.005,0.006,0.006
2.33,0.126,0.131,0.143,0.072,0.102,0.125,0.034,0.051,0.039,0.021,0.014,0.019,0.011,0.011,0.017,0.009,0.07,0.009,0.014,0.004,0.052,0.037,0.017,0.01,0.011,0.008,0.014,0.019,0.021,0.119,0.133,0.127,0.142,0.167,0.199,0.027,0.025,0.104,0.071,0.061,0.096,0.118,0.124,0.006,0.008,0.015,0.036,0.033,0.009333333,0.013333333,0.013333333,0.012333333,0.014333333,0.005,0.006,0.006
2.67,0.129,0.135,0.152,0.087,0.127,0.155,0.041,0.059,0.047,0.028,0.019,0.024,0.011,0.012,0.018,0.009,0.071,0.01,0.015,0.004,0.056,0.04,0.018,0.01,0.012,0.008,0.015,0.021,0.023,0.144,0.159,0.153,0.177,0.207,0.244,0.033,0.03,0.129,0.09,0.08,0.119,0.145,0.15,0.007,0.009,0.017,0.041,0.037,0.009333333,0.013333333,0.013333333,0.012333333,0.014333333,0.005,0.006,0.006
3,0.126,0.135,0.157,0.105,0.155,0.188,0.048,0.068,0.055,0.035,0.023,0.028,0.012,0.012,0.018,0.01,0.071,0.011,0.015,0.004,0.062,0.044,0.02,0.011,0.012,0.008,0.016,0.023,0.025,0.171,0.187,0.182,0.217,0.25,0.291,0.039,0.036,0.157,0.116,0.104,0.147,0.176,0.179,0.008,0.01,0.019,0.047,0.041,0.009333333,0.014333333,0.013333333,0.013333333,0.015333333,0.005,0.007,0.007
3.33,0.133,0.146,0.175,0.127,0.184,0.226,0.057,0.08,0.065,0.042,0.027,0.034,0.012,0.013,0.019,0.01,0.073,0.011,0.016,0.004,0.068,0.048,0.022,0.011,0.013,0.009,0.018,0.026,0.028,0.201,0.219,0.22,0.262,0.301,0.345,0.046,0.043,0.19,0.147,0.132,0.177,0.211,0.214,0.009,0.011,0.021,0.054,0.047,0.010333333,0.015333333,0.013333333,0.013333333,0.015333333,0.005,0.007,0.007
3.67,0.138,0.153,0.182,0.148,0.218,0.267,0.067,0.092,0.075,0.05,0.032,0.038,0.013,0.013,0.02,0.011,0.074,0.012,0.017,0.004,0.074,0.052,0.024,0.012,0.014,0.009,0.019,0.028,0.031,0.235,0.256,0.261,0.312,0.356,0.404,0.055,0.052,0.228,0.182,0.164,0.213,0.251,0.252,0.011,0.013,0.024,0.061,0.052,0.011333333,0.015333333,0.014333333,0.014333333,0.015333333,0.005,0.007,0.007
4,0.134,0.154,0.181,0.175,0.256,0.313,0.078,0.108,0.088,0.06,0.039,0.045,0.014,0.014,0.021,0.012,0.076,0.013,0.018,0.005,0.081,0.057,0.026,0.012,0.014,0.01,0.021,0.031,0.034,0.275,0.298,0.304,0.367,0.418,0.468,0.065,0.061,0.271,0.223,0.202,0.254,0.295,0.298,0.012,0.015,0.027,0.071,0.059,0.012333333,0.016333333,0.015333333,0.014333333,0.016333333,0.006,0.007,0.007
4.33,0.144,0.166,0.197,0.205,0.298,0.362,0.09,0.125,0.102,0.07,0.045,0.052,0.014,0.014,0.022,0.012,0.077,0.014,0.019,0.005,0.089,0.063,0.029,0.013,0.015,0.01,0.023,0.034,0.037,0.319,0.344,0.366,0.427,0.482,0.537,0.077,0.072,0.32,0.268,0.246,0.299,0.346,0.348,0.014,0.017,0.03,0.081,0.067,0.012333333,0.017333333,0.015333333,0.014333333,0.017333333,0.006,0.008,0.007
4.67,0.138,0.165,0.188,0.236,0.345,0.42,0.105,0.146,0.119,0.079,0.051,0.058,0.015,0.015,0.024,0.013,0.079,0.015,0.02,0.005,0.097,0.069,0.032,0.014,0.016,0.011,0.025,0.037,0.04,0.369,0.396,0.421,0.494,0.551,0.607,0.091,0.085,0.374,0.317,0.294,0.349,0.402,0.402,0.016,0.019,0.034,0.094,0.076,0.013666667,0.018666667,0.015666667,0.015666667,0.017666667,0.006,0.008,0.008
5,0.144,0.174,0.201,0.272,0.396,0.484,0.122,0.169,0.138,0.089,0.057,0.065,0.016,0.016,0.025,0.013,0.08,0.016,0.021,0.005,0.106,0.075,0.034,0.015,0.017,0.011,0.027,0.04,0.044,0.423,0.454,0.481,0.563,0.625,0.685,0.106,0.099,0.435,0.371,0.345,0.406,0.462,0.462,0.019,0.022,0.038,0.108,0.087,0.014666667,0.020666667,0.015666667,0.015666667,0.018666667,0.006,0.008,0.008
5.33,0.143,0.175,0.199,0.314,0.453,0.553,0.14,0.196,0.16,0.099,0.066,0.073,0.017,0.016,0.026,0.014,0.081,0.017,0.022,0.006,0.116,0.082,0.037,0.015,0.018,0.012,0.029,0.043,0.047,0.482,0.515,0.546,0.634,0.699,0.763,0.125,0.115,0.503,0.431,0.403,0.467,0.528,0.527,0.021,0.024,0.043,0.126,0.099,0.014666667,0.021666667,0.015666667,0.018666667,0.019666667,0.006,0.008,0.008
5.67,0.142,0.177,0.201,0.359,0.514,0.625,0.163,0.225,0.185,0.11,0.073,0.081,0.018,0.017,0.028,0.015,0.083,0.018,0.024,0.006,0.126,0.089,0.04,0.016,0.019,0.012,0.031,0.047,0.051,0.548,0.584,0.617,0.712,0.778,0.844,0.145,0.134,0.575,0.497,0.468,0.532,0.598,0.597,0.024,0.028,0.048,0.146,0.114,0.014666667,0.022666667,0.015666667,0.017666667,0.020666667,0.006,0.009,0.008
6,0.153,0.192,0.22,0.409,0.584,0.703,0.189,0.258,0.214,0.122,0.082,0.089,0.019,0.018,0.029,0.015,0.085,0.019,0.025,0.006,0.137,0.097,0.044,0.017,0.02,0.013,0.033,0.051,0.056,0.619,0.659,0.691,0.792,0.859,0.923,0.168,0.156,0.653,0.566,0.537,0.604,0.67,0.669,0.028,0.032,0.054,0.17,0.132,0.015666667,0.023666667,0.015666667,0.017666667,0.020666667,0.006,0.009,0.009
6.33,0.15,0.189,0.209,0.466,0.655,0.782,0.219,0.294,0.248,0.135,0.09,0.098,0.02,0.019,0.031,0.016,0.087,0.021,0.027,0.007,0.149,0.105,0.047,0.018,0.021,0.014,0.036,0.054,0.06,0.694,0.736,0.769,0.869,0.936,1.003,0.196,0.181,0.736,0.643,0.613,0.676,0.746,0.744,0.031,0.036,0.061,0.197,0.152,0.016666667,0.025666667,0.015666667,0.017666667,0.021666667,0.007,0.009,0.009
6.67,0.146,0.187,0.203,0.525,0.736,0.859,0.251,0.331,0.286,0.148,0.099,0.108,0.021,0.021,0.033,0.017,0.088,0.022,0.028,0.007,0.162,0.114,0.051,0.02,0.023,0.015,0.039,0.059,0.065,0.775,0.815,0.848,0.945,1.012,1.078,0.226,0.21,0.822,0.724,0.691,0.755,0.823,0.816,0.036,0.041,0.068,0.229,0.175,0.016666667,0.026666667,0.016666667,0.020666667,0.022666667,0.007,0.009,0.009
7,0.154,0.196,0.213,0.598,0.815,0.931,0.287,0.373,0.327,0.163,0.111,0.12,0.023,0.022,0.035,0.018,0.091,0.024,0.03,0.008,0.175,0.123,0.055,0.021,0.024,0.016,0.041,0.063,0.071,0.855,0.897,0.93,1.017,1.082,1.149,0.26,0.242,0.908,0.806,0.773,0.835,0.897,0.89,0.041,0.046,0.077,0.265,0.202,0.017666667,0.027666667,0.018666667,0.021666667,0.022666667,0.007,0.01,0.009
7.33,0.158,0.201,0.22,0.669,0.901,0.996,0.33,0.414,0.376,0.175,0.119,0.128,0.024,0.023,0.037,0.019,0.093,0.027,0.032,0.008,0.189,0.133,0.059,0.022,0.026,0.017,0.045,0.069,0.077,0.938,0.982,1.01,1.081,1.148,1.212,0.299,0.278,0.991,0.887,0.852,0.911,0.973,0.96,0.046,0.052,0.087,0.305,0.232,0.018666667,0.028666667,0.017666667,0.021666667,0.023666667,0.007,0.01,0.009
7.67,0.155,0.198,0.212,0.75,0.981,1.057,0.376,0.456,0.429,0.19,0.128,0.138,0.026,0.025,0.04,0.021,0.097,0.029,0.034,0.008,0.204,0.143,0.064,0.024,0.028,0.018,0.048,0.075,0.084,1.024,1.063,1.093,1.14,1.21,1.272,0.342,0.319,1.072,0.969,0.934,0.99,1.04,1.032,0.052,0.059,0.097,0.35,0.266,0.019666667,0.030666667,0.017666667,0.021666667,0.024666667,0.007,0.01,0.01
8,0.168,0.211,0.23,0.836,1.058,1.112,0.427,0.498,0.488,0.208,0.14,0.151,0.027,0.026,0.042,0.023,0.101,0.032,0.037,0.009,0.22,0.154,0.068,0.026,0.03,0.019,0.052,0.081,0.091,1.106,1.147,1.174,1.192,1.263,1.324,0.39,0.363,1.148,1.046,1.01,1.065,1.105,1.098,0.059,0.067,0.11,0.4,0.303,0.020666667,0.031666667,0.017666667,0.022666667,0.025666667,0.007,0.01,0.01
8.33,0.165,0.208,0.223,0.926,1.128,1.161,0.483,0.538,0.552,0.224,0.151,0.162,0.029,0.028,0.045,0.024,0.104,0.034,0.039,0.009,0.237,0.166,0.073,0.027,0.032,0.02,0.056,0.088,0.099,1.19,1.226,1.253,1.239,1.311,1.369,0.444,0.412,1.218,1.118,1.083,1.136,1.164,1.157,0.066,0.076,0.123,0.455,0.345,0.022666667,0.032666667,0.019666667,0.023666667,0.026666667,0.007,0.011,0.01
8.67,0.167,0.207,0.223,1.024,1.192,1.21,0.547,0.572,0.621,0.24,0.163,0.173,0.031,0.03,0.048,0.026,0.109,0.038,0.041,0.01,0.255,0.178,0.077,0.029,0.034,0.022,0.06,0.096,0.108,1.267,1.303,1.327,1.282,1.351,1.41,0.499,0.466,1.282,1.184,1.149,1.205,1.217,1.209,0.075,0.085,0.139,0.515,0.391,0.023666667,0.034666667,0.018666667,0.023666667,0.027666667,0.008,0.011,0.011
9,0.17,0.202,0.218,1.121,1.251,1.253,0.614,0.605,0.693,0.258,0.176,0.188,0.033,0.032,0.051,0.028,0.115,0.041,0.044,0.01,0.273,0.19,0.082,0.031,0.036,0.023,0.065,0.105,0.118,1.345,1.378,1.397,1.323,1.387,1.446,0.561,0.524,1.341,1.245,1.21,1.266,1.261,1.254,0.084,0.095,0.154,0.578,0.439,0.025666667,0.035666667,0.018666667,0.024666667,0.028666667,0.008,0.011,0.011
9.33,0.171,0.202,0.222,1.204,1.308,1.294,0.687,0.637,0.767,0.276,0.19,0.201,0.035,0.034,0.054,0.03,0.12,0.045,0.046,0.011,0.291,0.204,0.087,0.033,0.038,0.025,0.07,0.114,0.129,1.413,1.447,1.462,1.36,1.421,1.48,0.625,0.584,1.392,1.299,1.265,1.321,1.302,1.294,0.094,0.105,0.173,0.643,0.489,0.026666667,0.036666667,0.018666667,0.024666667,0.029666667,0.008,0.012,0.011
9.67,0.179,0.21,0.23,1.273,1.36,1.334,0.765,0.665,0.846,0.295,0.204,0.214,0.038,0.036,0.058,0.033,0.126,0.05,0.049,0.012,0.311,0.218,0.092,0.035,0.041,0.026,0.076,0.125,0.142,1.481,1.511,1.524,1.396,1.453,1.514,0.691,0.648,1.436,1.346,1.312,1.371,1.334,1.331,0.105,0.117,0.192,0.712,0.544,0.026666667,0.038666667,0.020666667,0.026666667,0.030666667,0.008,0.012,0.012
10,0.178,0.215,0.223,1.331,1.405,1.371,0.847,0.691,0.926,0.313,0.219,0.228,0.04,0.038,0.062,0.036,0.133,0.054,0.052,0.012,0.331,0.231,0.097,0.037,0.043,0.028,0.082,0.136,0.156,1.54,1.569,1.579,1.431,1.484,1.545,0.759,0.71,1.474,1.388,1.354,1.414,1.36,1.356,0.116,0.129,0.212,0.779,0.596,0.025666667,0.039666667,0.019666667,0.025666667,0.030666667,0.008,0.012,0.012
10.33,0.17,0.216,0.217,1.385,1.444,1.407,0.93,0.713,1.006,0.334,0.235,0.243,0.043,0.04,0.066,0.039,0.14,0.06,0.056,0.013,0.351,0.245,0.102,0.04,0.046,0.029,0.089,0.149,0.172,1.594,1.623,1.63,1.466,1.516,1.572,0.827,0.779,1.507,1.426,1.391,1.452,1.382,1.38,0.13,0.144,0.234,0.85,0.651,0.026666667,0.041666667,0.020666667,0.027666667,0.031666667,0.008,0.012,0.012
10.67,0.187,0.24,0.234,1.43,1.481,1.439,1.013,0.734,1.082,0.355,0.253,0.261,0.046,0.043,0.07,0.042,0.148,0.066,0.06,0.014,0.371,0.26,0.108,0.042,0.048,0.031,0.096,0.163,0.188,1.642,1.67,1.674,1.497,1.546,1.6,0.893,0.846,1.537,1.461,1.422,1.483,1.4,1.397,0.143,0.158,0.257,0.919,0.704,0.027666667,0.042666667,0.020666667,0.028666667,0.032666667,0.009,0.013,0.012
11,0.185,0.265,0.222,1.47,1.514,1.472,1.092,0.752,1.153,0.379,0.273,0.279,0.049,0.045,0.074,0.046,0.156,0.072,0.064,0.015,0.392,0.275,0.113,0.044,0.05,0.033,0.104,0.178,0.207,1.683,1.711,1.713,1.524,1.571,1.622,0.954,0.914,1.561,1.489,1.45,1.509,1.413,1.414,0.158,0.174,0.282,0.984,0.757,0.028666667,0.043666667,0.021666667,0.029666667,0.033666667,0.009,0.013,0.013
11.33,0.179,0.295,0.216,1.507,1.546,1.499,1.172,0.766,1.219,0.404,0.293,0.298,0.052,0.048,0.079,0.05,0.165,0.079,0.068,0.015,0.413,0.29,0.119,0.047,0.053,0.034,0.113,0.195,0.228,1.721,1.749,1.749,1.55,1.595,1.64,1.015,0.976,1.582,1.514,1.472,1.533,1.424,1.424,0.174,0.19,0.307,1.046,0.81,0.029666667,0.045666667,0.021666667,0.029666667,0.034666667,0.009,0.013,0.013
11.67,0.182,0.339,0.217,1.541,1.577,1.524,1.243,0.779,1.275,0.427,0.312,0.315,0.055,0.051,0.084,0.054,0.175,0.086,0.072,0.016,0.432,0.306,0.123,0.049,0.056,0.036,0.122,0.214,0.251,1.754,1.78,1.78,1.571,1.615,1.652,1.067,1.037,1.599,1.535,1.491,1.55,1.433,1.433,0.19,0.207,0.335,1.103,0.858,0.030666667,0.047666667,0.022666667,0.029666667,0.035666667,0.009,0.014,0.013
12,0.179,0.391,0.215,1.571,1.605,1.546,1.311,0.79,1.321,0.454,0.336,0.338,0.059,0.054,0.089,0.059,0.186,0.095,0.077,0.017,0.451,0.322,0.129,0.051,0.059,0.037,0.133,0.235,0.276,1.783,1.81,1.808,1.585,1.631,1.662,1.115,1.091,1.614,1.553,1.507,1.564,1.439,1.439,0.207,0.224,0.362,1.155,0.9,0.031666667,0.048666667,0.022666667,0.029666667,0.036666667,0.01,0.014,0.014
12.33,0.186,0.449,0.214,1.601,1.632,1.563,1.37,0.798,1.361,0.482,0.36,0.361,0.062,0.057,0.095,0.063,0.198,0.104,0.081,0.018,0.473,0.339,0.134,0.054,0.062,0.039,0.144,0.257,0.303,1.81,1.835,1.833,1.595,1.641,1.669,1.16,1.14,1.626,1.567,1.519,1.576,1.444,1.444,0.224,0.242,0.389,1.199,0.936,0.032333333,0.050333333,0.022333333,0.031333333,0.037333333,0.01,0.015,0.014
12.67,0.189,0.506,0.206,1.628,1.657,1.577,1.422,0.806,1.396,0.51,0.385,0.381,0.067,0.06,0.101,0.069,0.21,0.113,0.087,0.019,0.493,0.356,0.139,0.056,0.064,0.041,0.157,0.281,0.332,1.832,1.857,1.856,1.602,1.649,1.674,1.197,1.184,1.637,1.578,1.53,1.584,1.447,1.448,0.243,0.26,0.418,1.236,0.968,0.033666667,0.052666667,0.023666667,0.033666667,0.038666667,0.01,0.015,0.015
13,0.19,0.565,0.197,1.655,1.679,1.589,1.463,0.809,1.427,0.54,0.414,0.407,0.071,0.064,0.107,0.075,0.223,0.124,0.092,0.021,0.51,0.371,0.144,0.059,0.067,0.042,0.17,0.308,0.365,1.852,1.876,1.875,1.607,1.652,1.676,1.232,1.224,1.646,1.588,1.538,1.591,1.45,1.451,0.261,0.279,0.447,1.264,0.994,0.034666667,0.054666667,0.023666667,0.032666667,0.040666667,0.01,0.015,0.015
13.33,0.2,0.613,0.201,1.68,1.7,1.598,1.499,0.811,1.453,0.574,0.446,0.435,0.075,0.068,0.113,0.082,0.236,0.135,0.098,0.022,0.526,0.387,0.149,0.061,0.069,0.044,0.185,0.337,0.4,1.87,1.892,1.891,1.61,1.656,1.678,1.259,1.259,1.653,1.597,1.546,1.596,1.453,1.453,0.28,0.299,0.48,1.29,1.015,0.036666667,0.056666667,0.023666667,0.032666667,0.041666667,0.011,0.016,0.015
13.67,0.193,0.661,0.179,1.703,1.717,1.604,1.529,0.813,1.475,0.606,0.478,0.459,0.08,0.072,0.12,0.089,0.25,0.148,0.104,0.023,0.539,0.401,0.154,0.063,0.072,0.045,0.201,0.37,0.439,1.883,1.905,1.906,1.612,1.658,1.678,1.278,1.287,1.658,1.603,1.552,1.599,1.455,1.455,0.297,0.315,0.505,1.304,1.024,0.038666667,0.058666667,0.024666667,0.033666667,0.041666667,0.011,0.016,0.016
14,0.193,0.708,0.166,1.723,1.732,1.609,1.554,0.814,1.495,0.641,0.512,0.488,0.086,0.076,0.128,0.096,0.265,0.161,0.11,0.024,0.554,0.414,0.158,0.065,0.074,0.047,0.219,0.407,0.479,1.895,1.917,1.917,1.614,1.661,1.679,1.294,1.31,1.662,1.609,1.557,1.602,1.458,1.457,0.315,0.335,0.53,1.314,1.032,0.040666667,0.060666667,0.025666667,0.033666667,0.042666667,0.011,0.017,0.016
14.33,0.193,0.745,0.153,1.742,1.745,1.611,1.573,0.815,1.51,0.679,0.55,0.519,0.091,0.082,0.136,0.105,0.279,0.176,0.117,0.025,0.565,0.423,0.162,0.067,0.077,0.048,0.238,0.445,0.524,1.905,1.926,1.926,1.615,1.661,1.68,1.305,1.327,1.664,1.612,1.559,1.604,1.459,1.459,0.331,0.35,0.549,1.323,1.035,0.044666667,0.062666667,0.025666667,0.034666667,0.044666667,0.012,0.017,0.017
14.67,0.196,0.779,0.147,1.758,1.753,1.613,1.592,0.815,1.526,0.718,0.591,0.552,0.097,0.087,0.144,0.114,0.295,0.191,0.123,0.026,0.572,0.429,0.166,0.069,0.08,0.05,0.26,0.487,0.569,1.911,1.933,1.933,1.615,1.661,1.681,1.311,1.34,1.665,1.615,1.562,1.607,1.46,1.46,0.346,0.362,0.564,1.329,1.043,0.046333333,0.064333333,0.026333333,0.035333333,0.045333333,0.012,0.018,0.017
15,0.201,0.814,0.152,1.771,1.761,1.615,1.608,0.815,1.538,0.758,0.632,0.585,0.103,0.092,0.153,0.123,0.309,0.208,0.13,0.028,0.579,0.435,0.169,0.071,0.082,0.051,0.284,0.532,0.619,1.917,1.939,1.939,1.617,1.663,1.682,1.32,1.349,1.667,1.617,1.565,1.609,1.463,1.462,0.358,0.375,0.575,1.336,1.046,0.047333333,0.066333333,0.026333333,0.036333333,0.046333333,0.012,0.018,0.018
15.33,0.201,0.841,0.164,1.781,1.766,1.615,1.623,0.814,1.549,0.801,0.675,0.621,0.11,0.098,0.163,0.134,0.326,0.225,0.137,0.029,0.583,0.438,0.172,0.073,0.085,0.052,0.31,0.58,0.672,1.921,1.944,1.943,1.618,1.664,1.682,1.326,1.356,1.668,1.618,1.566,1.611,1.464,1.463,0.366,0.384,0.583,1.339,1.049,0.047666667,0.069666667,0.027666667,0.038666667,0.047666667,0.012,0.019,0.018
15.67,0.193,0.871,0.177,1.789,1.769,1.616,1.636,0.814,1.558,0.846,0.722,0.657,0.117,0.104,0.172,0.145,0.342,0.243,0.144,0.031,0.585,0.442,0.174,0.074,0.087,0.054,0.338,0.631,0.726,1.924,1.946,1.946,1.618,1.664,1.682,1.33,1.361,1.669,1.62,1.567,1.612,1.465,1.464,0.372,0.39,0.59,1.341,1.052,0.047666667,0.071666667,0.027666667,0.039666667,0.049666667,0.013,0.019,0.019
16,0.176,0.904,0.19,1.794,1.771,1.617,1.647,0.813,1.564,0.893,0.771,0.696,0.124,0.11,0.184,0.157,0.358,0.262,0.151,0.032,0.586,0.444,0.175,0.076,0.089,0.054,0.367,0.684,0.781,1.927,1.949,1.949,1.62,1.665,1.683,1.335,1.367,1.67,1.623,1.569,1.614,1.467,1.467,0.378,0.396,0.598,1.344,1.055,0.048666667,0.074666667,0.028666667,0.040666667,0.051666667,0.013,0.019,0.019
16.33,0.175,0.937,0.213,1.797,1.772,1.618,1.655,0.812,1.569,0.941,0.819,0.734,0.132,0.116,0.196,0.17,0.375,0.282,0.158,0.033,0.589,0.446,0.177,0.078,0.091,0.056,0.401,0.742,0.835,1.927,1.95,1.949,1.619,1.665,1.684,1.34,1.371,1.671,1.623,1.571,1.616,1.468,1.468,0.383,0.401,0.602,1.345,1.058,0.049666667,0.076666667,0.029666667,0.041666667,0.052666667,0.013,0.02,0.02
16.67,0.175,0.968,0.245,1.8,1.773,1.619,1.661,0.811,1.571,0.992,0.869,0.779,0.141,0.124,0.207,0.183,0.39,0.302,0.166,0.035,0.593,0.447,0.179,0.08,0.094,0.057,0.437,0.802,0.885,1.928,1.95,1.95,1.621,1.666,1.684,1.343,1.374,1.673,1.625,1.573,1.617,1.47,1.47,0.387,0.405,0.606,1.347,1.059,0.047333333,0.076333333,0.026333333,0.039333333,0.051333333,0.014,0.021,0.02
17,0.172,0.991,0.278,1.802,1.774,1.62,1.668,0.81,1.573,1.039,0.921,0.817,0.149,0.131,0.219,0.197,0.405,0.324,0.174,0.037,0.596,0.449,0.18,0.081,0.095,0.058,0.476,0.859,0.933,1.929,1.951,1.951,1.621,1.667,1.685,1.347,1.379,1.674,1.627,1.575,1.618,1.472,1.472,0.392,0.409,0.61,1.348,1.062,0.052666667,0.082666667,0.030666667,0.044666667,0.056666667,0.014,0.021,0.021
17.33,0.168,1.017,0.322,1.803,1.774,1.621,1.671,0.81,1.575,1.089,0.974,0.86,0.159,0.139,0.232,0.213,0.418,0.347,0.183,0.038,0.596,0.45,0.182,0.083,0.098,0.059,0.515,0.918,0.975,1.93,1.952,1.951,1.622,1.667,1.686,1.35,1.383,1.674,1.627,1.576,1.619,1.473,1.472,0.394,0.412,0.612,1.35,1.063,0.054666667,0.085666667,0.031666667,0.045666667,0.058666667,0.015,0.022,0.022
17.67,0.164,1.041,0.374,1.803,1.774,1.621,1.674,0.809,1.576,1.136,1.019,0.899,0.169,0.147,0.245,0.228,0.431,0.37,0.192,0.04,0.596,0.45,0.181,0.083,0.099,0.059,0.556,0.969,1.01,1.928,1.951,1.951,1.622,1.668,1.686,1.351,1.385,1.674,1.628,1.576,1.62,1.474,1.473,0.396,0.414,0.614,1.352,1.062,0.053333333,0.085333333,0.029333333,0.043333333,0.057333333,0.014,0.022,0.021
18,0.171,1.057,0.433,1.803,1.774,1.621,1.673,0.809,1.575,1.18,1.066,0.94,0.178,0.157,0.26,0.245,0.441,0.394,0.2,0.041,0.599,0.451,0.183,0.085,0.101,0.06,0.6,1.013,1.038,1.929,1.951,1.951,1.622,1.669,1.687,1.354,1.387,1.675,1.63,1.578,1.621,1.475,1.475,0.397,0.415,0.617,1.354,1.063,0.058666667,0.092666667,0.033666667,0.048666667,0.062666667,0.015,0.023,0.023
18.33,0.186,1.075,0.5,1.803,1.774,1.622,1.674,0.808,1.577,1.225,1.113,0.983,0.189,0.165,0.276,0.261,0.454,0.419,0.21,0.043,0.6,0.452,0.185,0.087,0.104,0.062,0.645,1.052,1.058,1.93,1.951,1.951,1.623,1.67,1.688,1.356,1.389,1.677,1.631,1.579,1.623,1.477,1.475,0.399,0.418,0.619,1.355,1.066,0.060666667,0.095666667,0.033666667,0.050666667,0.065666667,0.016,0.024,0.024
18.67,0.203,1.092,0.571,1.803,1.774,1.623,1.677,0.807,1.577,1.263,1.154,1.022,0.201,0.175,0.292,0.278,0.464,0.444,0.219,0.045,0.603,0.453,0.186,0.089,0.106,0.063,0.692,1.084,1.069,1.929,1.951,1.95,1.624,1.669,1.688,1.357,1.39,1.678,1.632,1.58,1.623,1.478,1.476,0.4,0.418,0.62,1.354,1.064,0.062666667,0.098666667,0.034666667,0.052666667,0.067666667,0.016,0.025,0.024
19,0.229,1.107,0.636,1.803,1.774,1.623,1.676,0.807,1.578,1.299,1.189,1.058,0.214,0.185,0.308,0.295,0.473,0.469,0.229,0.047,0.603,0.454,0.187,0.09,0.109,0.063,0.737,1.108,1.079,1.929,1.951,1.95,1.624,1.669,1.688,1.359,1.392,1.678,1.632,1.581,1.624,1.479,1.477,0.401,0.419,0.622,1.357,1.066,0.065,0.102,0.035,0.054,0.069,0.016,0.026,0.025
19.33,0.27,1.12,0.695,1.802,1.773,1.624,1.677,0.807,1.576,1.328,1.222,1.086,0.228,0.195,0.326,0.312,0.48,0.49,0.238,0.048,0.603,0.455,0.188,0.092,0.111,0.064,0.781,1.123,1.088,1.929,1.951,1.95,1.625,1.67,1.688,1.36,1.393,1.679,1.634,1.582,1.626,1.48,1.478,0.402,0.42,0.624,1.357,1.066,0.068333333,0.107333333,0.037333333,0.057333333,0.073333333,0.017,0.026,0.026
19.67,0.311,1.131,0.76,1.802,1.775,1.625,1.676,0.806,1.578,1.353,1.251,1.116,0.24,0.205,0.341,0.331,0.49,0.512,0.248,0.051,0.605,0.456,0.189,0.093,0.113,0.065,0.823,1.133,1.093,1.928,1.95,1.95,1.626,1.67,1.689,1.361,1.395,1.68,1.635,1.583,1.627,1.482,1.479,0.403,0.421,0.625,1.358,1.067,0.070333333,0.111333333,0.038333333,0.059333333,0.076333333,0.018,0.027,0.027
20,0.364,1.14,0.818,1.803,1.774,1.625,1.678,0.805,1.578,1.373,1.272,1.139,0.255,0.217,0.359,0.35,0.494,0.532,0.259,0.053,0.608,0.455,0.188,0.094,0.114,0.065,0.859,1.14,1.097,1.928,1.95,1.949,1.626,1.671,1.689,1.363,1.396,1.68,1.635,1.583,1.627,1.482,1.481,0.403,0.421,0.626,1.359,1.069,0.073333333,0.115333333,0.039333333,0.061333333,0.078333333,0.017,0.027,0.026
20.33,0.425,1.151,0.874,1.802,1.775,1.626,1.677,0.804,1.577,1.389,1.288,1.158,0.27,0.228,0.377,0.368,0.498,0.549,0.271,0.055,0.607,0.457,0.189,0.096,0.117,0.066,0.895,1.149,1.102,1.929,1.951,1.949,1.627,1.672,1.69,1.365,1.398,1.681,1.638,1.585,1.629,1.484,1.481,0.404,0.422,0.628,1.36,1.07,0.076333333,0.119333333,0.040333333,0.064333333,0.081333333,0.019,0.029,0.028
20.67,0.483,1.157,0.924,1.802,1.774,1.626,1.678,0.805,1.578,1.4,1.303,1.171,0.29,0.239,0.395,0.386,0.501,0.563,0.281,0.057,0.604,0.457,0.19,0.097,0.119,0.067,0.92,1.155,1.105,1.928,1.95,1.949,1.628,1.672,1.69,1.367,1.398,1.682,1.639,1.586,1.63,1.485,1.483,0.405,0.422,0.629,1.362,1.07,0.078333333,0.123333333,0.042333333,0.066333333,0.084333333,0.019,0.03,0.029
21,0.549,1.163,0.972,1.802,1.774,1.627,1.677,0.804,1.579,1.408,1.312,1.183,0.311,0.249,0.412,0.405,0.504,0.577,0.292,0.059,0.606,0.458,0.191,0.099,0.12,0.067,0.939,1.159,1.107,1.928,1.95,1.948,1.628,1.673,1.69,1.367,1.398,1.682,1.639,1.587,1.631,1.485,1.484,0.405,0.423,0.629,1.362,1.069,0.081333333,0.128333333,0.043333333,0.068333333,0.087333333,0.02,0.031,0.03
21.33,0.61,1.167,1.018,1.802,1.775,1.628,1.679,0.804,1.579,1.416,1.319,1.192,0.329,0.259,0.426,0.425,0.507,0.589,0.303,0.062,0.605,0.458,0.191,0.1,0.122,0.068,0.952,1.163,1.109,1.927,1.949,1.948,1.629,1.673,1.69,1.368,1.4,1.683,1.64,1.587,1.631,1.486,1.485,0.406,0.423,0.63,1.364,1.07,0.084666667,0.133666667,0.044666667,0.071666667,0.091666667,0.02,0.032,0.031
21.67,0.666,1.173,1.06,1.802,1.775,1.628,1.678,0.805,1.579,1.421,1.324,1.199,0.351,0.269,0.441,0.443,0.508,0.597,0.315,0.064,0.602,0.459,0.192,0.101,0.124,0.068,0.961,1.167,1.111,1.928,1.949,1.948,1.63,1.673,1.691,1.369,1.4,1.684,1.641,1.588,1.633,1.488,1.486,0.407,0.424,0.632,1.364,1.072,0.087333333,0.138333333,0.046333333,0.074333333,0.094333333,0.021,0.033,0.032
22,0.722,1.176,1.103,1.802,1.776,1.629,1.679,0.804,1.58,1.424,1.33,1.204,0.375,0.278,0.455,0.46,0.509,0.603,0.327,0.067,0.601,0.46,0.192,0.102,0.126,0.069,0.97,1.17,1.113,1.927,1.949,1.948,1.629,1.674,1.691,1.369,1.401,1.685,1.642,1.589,1.633,1.489,1.488,0.407,0.424,0.633,1.365,1.072,0.091,0.144,0.048,0.078,0.099,0.022,0.034,0.033
22.33,0.771,1.179,1.139,1.802,1.775,1.629,1.678,0.805,1.578,1.427,1.333,1.209,0.4,0.287,0.466,0.476,0.509,0.606,0.339,0.069,0.601,0.46,0.193,0.104,0.127,0.069,0.975,1.172,1.115,1.927,1.949,1.948,1.63,1.674,1.692,1.371,1.402,1.685,1.643,1.59,1.635,1.489,1.488,0.408,0.425,0.634,1.367,1.072,0.094333333,0.148333333,0.049333333,0.081333333,0.102333333,0.022,0.035,0.034
22.67,0.817,1.181,1.172,1.802,1.775,1.63,1.677,0.805,1.579,1.431,1.336,1.212,0.421,0.294,0.475,0.49,0.512,0.611,0.351,0.071,0.603,0.46,0.194,0.105,0.13,0.07,0.982,1.174,1.116,1.927,1.948,1.947,1.631,1.675,1.692,1.372,1.403,1.686,1.644,1.591,1.636,1.491,1.49,0.409,0.425,0.635,1.368,1.073,0.094,0.151,0.047,0.081,0.103,0.023,0.036,0.035
23,0.86,1.185,1.202,1.803,1.776,1.631,1.679,0.805,1.58,1.433,1.339,1.219,0.444,0.3,0.483,0.5,0.514,0.614,0.365,0.074,0.601,0.46,0.193,0.105,0.13,0.069,0.983,1.175,1.116,1.927,1.948,1.946,1.631,1.675,1.692,1.372,1.405,1.686,1.644,1.592,1.636,1.491,1.49,0.409,0.425,0.636,1.367,1.073,0.101,0.161,0.053,0.088,0.111,0.023,0.037,0.035
23.33,0.906,1.187,1.231,1.803,1.776,1.631,1.679,0.804,1.581,1.434,1.34,1.221,0.468,0.306,0.49,0.508,0.515,0.617,0.379,0.077,0.602,0.461,0.195,0.108,0.134,0.071,0.988,1.178,1.119,1.928,1.949,1.947,1.632,1.676,1.693,1.374,1.405,1.687,1.645,1.594,1.638,1.493,1.492,0.411,0.428,0.639,1.368,1.073,0.105666667,0.166666667,0.054666667,0.091666667,0.114666667,0.025,0.039,0.037
23.67,0.95,1.188,1.257,1.803,1.777,1.631,1.679,0.805,1.579,1.435,1.339,1.223,0.488,0.311,0.496,0.514,0.515,0.619,0.393,0.079,0.604,0.46,0.195,0.108,0.135,0.07,0.991,1.179,1.118,1.927,1.949,1.947,1.633,1.676,1.694,1.375,1.407,1.688,1.647,1.595,1.639,1.494,1.493,0.412,0.428,0.64,1.371,1.074,0.109,0.173,0.056,0.094,0.119,0.024,0.039,0.038
24,0.993,1.19,1.275,1.803,1.777,1.632,1.68,0.805,1.58,1.435,1.341,1.225,0.508,0.314,0.5,0.519,0.515,0.62,0.407,0.082,0.606,0.462,0.196,0.111,0.138,0.072,0.994,1.183,1.121,1.926,1.947,1.946,1.633,1.676,1.694,1.375,1.407,1.688,1.648,1.595,1.639,1.495,1.493,0.413,0.428,0.641,1.371,1.074,0.114,0.18,0.059,0.099,0.125,0.026,0.042,0.04
24.33,1.038,1.191,1.29,1.803,1.777,1.633,1.679,0.806,1.58,1.438,1.342,1.228,0.523,0.318,0.503,0.522,0.516,0.622,0.421,0.085,0.605,0.462,0.196,0.111,0.139,0.072,0.995,1.185,1.122,1.926,1.947,1.946,1.633,1.676,1.694,1.375,1.407,1.688,1.648,1.595,1.639,1.495,1.493,0.413,0.428,0.642,1.371,1.074,0.114,0.182,0.057,0.099,0.126,0.027,0.043,0.041
24.67,1.074,1.192,1.306,1.803,1.778,1.633,1.68,0.805,1.582,1.437,1.342,1.228,0.538,0.319,0.504,0.525,0.518,0.624,0.437,0.089,0.609,0.462,0.197,0.112,0.141,0.072,0.996,1.187,1.122,1.926,1.947,1.945,1.633,1.677,1.694,1.376,1.408,1.689,1.649,1.596,1.64,1.496,1.495,0.414,0.429,0.643,1.373,1.075,0.121333333,0.190333333,0.062333333,0.104333333,0.132333333,0.027,0.044,0.042
25,1.114,1.193,1.318,1.804,1.778,1.634,1.681,0.805,1.582,1.438,1.344,1.229,0.549,0.322,0.505,0.528,0.519,0.627,0.454,0.093,0.61,0.464,0.198,0.115,0.144,0.074,0.999,1.19,1.125,1.926,1.947,1.946,1.634,1.677,1.694,1.378,1.408,1.69,1.65,1.597,1.641,1.497,1.495,0.415,0.43,0.645,1.373,1.077,0.128,0.199,0.066,0.11,0.139,0.029,0.046,0.044
25.33,1.16,1.193,1.332,1.805,1.779,1.634,1.68,0.806,1.583,1.439,1.345,1.23,0.56,0.323,0.507,0.53,0.52,0.627,0.471,0.096,0.611,0.464,0.199,0.116,0.145,0.074,0.999,1.192,1.127,1.926,1.947,1.945,1.635,1.677,1.695,1.378,1.408,1.69,1.65,1.597,1.642,1.498,1.497,0.416,0.43,0.647,1.374,1.077,0.133,0.205,0.069,0.115,0.145,0.03,0.048,0.046
25.67,1.196,1.194,1.34,1.804,1.78,1.635,1.682,0.806,1.582,1.442,1.345,1.232,0.569,0.325,0.509,0.531,0.52,0.628,0.487,0.1,0.613,0.465,0.2,0.117,0.147,0.074,1.001,1.195,1.128,1.925,1.947,1.945,1.635,1.677,1.694,1.379,1.408,1.69,1.65,1.597,1.643,1.498,1.497,0.417,0.431,0.648,1.374,1.078,0.138,0.212,0.071,0.12,0.15,0.031,0.05,0.047
26,1.226,1.193,1.347,1.804,1.78,1.635,1.681,0.807,1.583,1.443,1.346,1.232,0.574,0.326,0.51,0.533,0.521,0.629,0.505,0.104,0.614,0.465,0.2,0.118,0.148,0.074,1.001,1.197,1.129,1.924,1.945,1.944,1.635,1.678,1.694,1.378,1.409,1.69,1.651,1.599,1.643,1.5,1.498,0.418,0.431,0.648,1.374,1.076,0.143,0.218,0.074,0.125,0.156,0.032,0.051,0.049
26.33,1.252,1.194,1.352,1.805,1.78,1.635,1.681,0.807,1.583,1.444,1.35,1.234,0.579,0.327,0.51,0.534,0.521,0.629,0.522,0.107,0.613,0.465,0.2,0.119,0.149,0.074,1.002,1.198,1.13,1.926,1.946,1.945,1.636,1.679,1.696,1.38,1.41,1.692,1.652,1.6,1.645,1.501,1.5,0.42,0.433,0.651,1.375,1.077,0.145666667,0.222666667,0.073666667,0.127666667,0.159666667,0.033,0.052,0.05
26.67,1.274,1.194,1.357,1.805,1.781,1.636,1.681,0.808,1.584,1.445,1.35,1.235,0.581,0.328,0.513,0.535,0.522,0.632,0.541,0.111,0.613,0.465,0.2,0.12,0.15,0.074,1.003,1.2,1.131,1.925,1.945,1.944,1.635,1.678,1.696,1.38,1.409,1.691,1.653,1.601,1.645,1.501,1.5,0.42,0.433,0.652,1.376,1.078,0.153333333,0.231333333,0.078333333,0.136333333,0.168333333,0.034,0.054,0.051
27,1.299,1.195,1.362,1.806,1.781,1.636,1.681,0.807,1.584,1.445,1.351,1.236,0.583,0.329,0.513,0.536,0.523,0.632,0.562,0.117,0.617,0.465,0.201,0.121,0.151,0.075,1.004,1.203,1.133,1.924,1.945,1.943,1.636,1.679,1.695,1.381,1.41,1.692,1.653,1.601,1.646,1.502,1.501,0.422,0.433,0.654,1.377,1.081,0.154666667,0.233666667,0.077666667,0.138666667,0.171666667,0.035,0.056,0.054
27.33,1.312,1.196,1.366,1.806,1.781,1.637,1.682,0.808,1.583,1.446,1.352,1.236,0.585,0.33,0.513,0.538,0.524,0.634,0.583,0.122,0.615,0.466,0.202,0.122,0.152,0.075,1.005,1.204,1.134,1.924,1.945,1.944,1.636,1.679,1.695,1.381,1.41,1.692,1.654,1.602,1.647,1.503,1.502,0.423,0.434,0.655,1.378,1.078,0.164333333,0.244333333,0.085333333,0.147333333,0.181333333,0.037,0.058,0.056
27.67,1.328,1.195,1.367,1.806,1.781,1.637,1.682,0.807,1.585,1.449,1.353,1.238,0.586,0.331,0.514,0.539,0.524,0.635,0.604,0.126,0.617,0.467,0.203,0.123,0.153,0.075,1.005,1.207,1.136,1.925,1.946,1.945,1.637,1.68,1.697,1.382,1.411,1.693,1.655,1.603,1.649,1.504,1.503,0.424,0.435,0.658,1.379,1.081,0.167,0.248,0.085,0.151,0.186,0.038,0.061,0.058
28,1.345,1.196,1.371,1.806,1.782,1.638,1.683,0.808,1.585,1.449,1.354,1.24,0.587,0.332,0.514,0.54,0.525,0.637,0.628,0.131,0.618,0.467,0.203,0.123,0.154,0.075,1.006,1.209,1.137,1.925,1.946,1.944,1.638,1.68,1.697,1.383,1.412,1.694,1.656,1.604,1.65,1.505,1.504,0.426,0.436,0.659,1.379,1.08,0.172666667,0.253666667,0.087666667,0.156666667,0.192666667,0.04,0.063,0.06
28.33,1.352,1.195,1.373,1.807,1.783,1.639,1.683,0.808,1.585,1.449,1.355,1.24,0.588,0.332,0.513,0.541,0.527,0.639,0.651,0.136,0.615,0.467,0.203,0.124,0.155,0.075,1.008,1.211,1.138,1.924,1.945,1.944,1.638,1.68,1.697,1.384,1.412,1.694,1.656,1.604,1.65,1.506,1.505,0.427,0.437,0.66,1.38,1.081,0.183666667,0.264666667,0.094666667,0.167666667,0.203666667,0.042,0.066,0.062
28.67,1.362,1.195,1.375,1.808,1.783,1.639,1.683,0.809,1.586,1.45,1.354,1.241,0.589,0.334,0.515,0.542,0.526,0.638,0.677,0.143,0.615,0.468,0.203,0.124,0.155,0.075,1.01,1.213,1.139,1.924,1.945,1.943,1.638,1.68,1.696,1.384,1.411,1.694,1.658,1.605,1.651,1.507,1.505,0.428,0.437,0.661,1.379,1.081,0.185333333,0.267333333,0.093333333,0.170333333,0.207333333,0.043,0.069,0.064
29,1.368,1.195,1.377,1.807,1.784,1.639,1.683,0.809,1.587,1.453,1.356,1.244,0.59,0.335,0.515,0.543,0.527,0.639,0.702,0.149,0.616,0.468,0.204,0.124,0.155,0.075,1.011,1.216,1.14,1.924,1.945,1.943,1.638,1.681,1.697,1.384,1.412,1.695,1.658,1.606,1.651,1.507,1.506,0.429,0.438,0.663,1.38,1.08,0.195333333,0.277333333,0.101333333,0.180333333,0.219333333,0.046,0.072,0.067
29.33,1.375,1.196,1.379,1.808,1.784,1.64,1.684,0.809,1.586,1.452,1.357,1.244,0.59,0.335,0.516,0.544,0.528,0.641,0.728,0.155,0.614,0.469,0.204,0.125,0.155,0.075,1.013,1.218,1.141,1.924,1.944,1.943,1.638,1.681,1.697,1.384,1.413,1.695,1.659,1.606,1.653,1.508,1.507,0.43,0.439,0.665,1.382,1.082,0.200666667,0.284666667,0.104666667,0.187666667,0.227666667,0.048,0.075,0.07
29.67,1.38,1.197,1.38,1.809,1.784,1.64,1.684,0.81,1.588,1.453,1.358,1.243,0.589,0.336,0.516,0.545,0.53,0.642,0.759,0.162,0.615,0.469,0.204,0.125,0.155,0.075,1.015,1.22,1.143,1.924,1.945,1.942,1.638,1.681,1.697,1.385,1.413,1.695,1.66,1.607,1.653,1.51,1.508,0.432,0.44,0.666,1.383,1.082,0.202,0.288,0.104,0.191,0.231,0.05,0.079,0.073
30,1.386,1.197,1.382,1.809,1.785,1.641,1.683,0.811,1.587,1.455,1.357,1.246,0.591,0.337,0.517,0.546,0.53,0.643,0.788,0.17,0.612,0.47,0.205,0.126,0.156,0.075,1.017,1.224,1.145,1.923,1.943,1.942,1.638,1.68,1.697,1.385,1.413,1.695,1.66,1.607,1.653,1.51,1.508,0.432,0.44,0.667,1.383,1.082,0.212333333,0.297333333,0.112333333,0.202333333,0.244333333,0.052,0.083,0.076
30.33,1.389,1.197,1.383,1.81,1.785,1.641,1.684,0.811,1.588,1.455,1.359,1.246,0.592,0.338,0.517,0.547,0.531,0.644,0.82,0.178,0.613,0.47,0.205,0.126,0.156,0.075,1.018,1.225,1.146,1.923,1.942,1.941,1.637,1.68,1.696,1.385,1.412,1.695,1.66,1.607,1.653,1.51,1.509,0.433,0.44,0.668,1.382,1.082,0.219333333,0.305333333,0.117333333,0.211333333,0.254333333,0.055,0.087,0.08
30.67,1.393,1.198,1.384,1.81,1.786,1.642,1.684,0.812,1.588,1.457,1.36,1.248,0.591,0.338,0.518,0.548,0.532,0.645,0.854,0.186,0.612,0.47,0.205,0.126,0.156,0.075,1.02,1.229,1.147,1.923,1.943,1.941,1.639,1.681,1.697,1.387,1.412,1.696,1.661,1.609,1.655,1.511,1.51,0.435,0.441,0.67,1.384,1.083,0.221,0.308,0.117,0.215,0.26,0.057,0.091,0.083
31,1.397,1.197,1.386,1.81,1.786,1.642,1.685,0.811,1.589,1.459,1.361,1.25,0.592,0.339,0.519,0.549,0.533,0.646,0.889,0.195,0.611,0.471,0.206,0.127,0.157,0.076,1.021,1.231,1.148,1.923,1.943,1.941,1.639,1.682,1.698,1.388,1.412,1.696,1.662,1.61,1.656,1.512,1.511,0.436,0.442,0.671,1.384,1.083,0.231666667,0.318666667,0.125666667,0.227666667,0.273666667,0.06,0.095,0.087
31.33,1.4,1.198,1.386,1.81,1.786,1.642,1.686,0.812,1.589,1.459,1.362,1.251,0.593,0.341,0.519,0.55,0.534,0.648,0.926,0.203,0.614,0.471,0.206,0.127,0.157,0.076,1.022,1.234,1.149,1.923,1.943,1.941,1.639,1.681,1.698,1.388,1.413,1.696,1.662,1.61,1.657,1.513,1.512,0.438,0.443,0.673,1.385,1.085,0.238333333,0.325333333,0.130333333,0.237333333,0.285333333,0.063,0.099,0.091
31.67,1.402,1.198,1.387,1.811,1.787,1.642,1.686,0.813,1.589,1.46,1.362,1.252,0.594,0.341,0.519,0.55,0.535,0.648,0.966,0.213,0.613,0.472,0.207,0.128,0.157,0.076,1.024,1.237,1.151,1.922,1.942,1.94,1.639,1.681,1.697,1.388,1.413,1.696,1.662,1.61,1.657,1.513,1.512,0.438,0.444,0.674,1.384,1.084,0.241666667,0.328666667,0.131666667,0.242666667,0.292666667,0.066,0.104,0.095
32,1.404,1.199,1.388,1.811,1.788,1.642,1.685,0.813,1.59,1.461,1.363,1.252,0.595,0.343,0.521,0.551,0.535,0.65,1.011,0.224,0.616,0.472,0.207,0.128,0.157,0.076,1.024,1.241,1.151,1.922,1.942,1.94,1.639,1.682,1.698,1.389,1.414,1.696,1.663,1.611,1.657,1.513,1.513,0.44,0.444,0.675,1.385,1.086,0.251,0.34,0.141,0.256,0.307,0.069,0.109,0.1
32.33,1.406,1.199,1.388,1.812,1.787,1.643,1.685,0.813,1.59,1.46,1.365,1.252,0.596,0.343,0.522,0.552,0.536,0.65,1.053,0.233,0.612,0.473,0.208,0.128,0.158,0.076,1.026,1.243,1.152,1.922,1.942,1.94,1.64,1.682,1.698,1.389,1.414,1.697,1.664,1.612,1.659,1.514,1.514,0.441,0.446,0.677,1.387,1.086,0.257333333,0.347333333,0.146333333,0.267333333,0.319333333,0.073,0.114,0.105
32.67,1.407,1.198,1.389,1.812,1.788,1.643,1.686,0.814,1.591,1.461,1.365,1.256,0.597,0.344,0.522,0.552,0.537,0.652,1.098,0.245,0.614,0.473,0.208,0.128,0.159,0.076,1.027,1.247,1.154,1.922,1.942,1.94,1.64,1.681,1.698,1.39,1.415,1.697,1.664,1.612,1.659,1.515,1.515,0.443,0.446,0.678,1.387,1.088,0.260666667,0.352666667,0.149666667,0.275666667,0.328666667,0.077,0.12,0.11
33,1.408,1.199,1.388,1.812,1.789,1.644,1.686,0.814,1.59,1.462,1.366,1.256,0.597,0.345,0.524,0.554,0.537,0.653,1.139,0.257,0.614,0.473,0.209,0.128,0.159,0.076,1.027,1.25,1.154,1.921,1.941,1.939,1.64,1.681,1.698,1.389,1.414,1.697,1.664,1.612,1.659,1.515,1.515,0.443,0.447,0.678,1.387,1.086,0.27,0.363,0.157,0.289,0.344,0.08,0.125,0.115
33.33,1.409,1.2,1.389,1.813,1.789,1.644,1.686,0.815,1.59,1.463,1.366,1.257,0.597,0.347,0.524,0.554,0.539,0.654,1.179,0.27,0.613,0.474,0.209,0.128,0.159,0.076,1.028,1.254,1.155,1.921,1.941,1.939,1.64,1.682,1.698,1.39,1.414,1.697,1.665,1.614,1.66,1.516,1.516,0.445,0.448,0.68,1.389,1.088,0.277666667,0.370666667,0.163666667,0.301666667,0.356666667,0.084,0.132,0.12
33.67,1.41,1.201,1.389,1.813,1.789,1.644,1.686,0.815,1.591,1.463,1.367,1.257,0.599,0.348,0.526,0.555,0.539,0.654,1.224,0.283,0.614,0.475,0.209,0.128,0.16,0.076,1.028,1.258,1.156,1.921,1.941,1.939,1.641,1.682,1.699,1.391,1.414,1.698,1.666,1.614,1.661,1.517,1.517,0.446,0.449,0.682,1.388,1.088,0.280333333,0.373333333,0.165333333,0.310333333,0.366333333,0.089,0.138,0.127
34,1.411,1.202,1.39,1.813,1.79,1.644,1.686,0.816,1.591,1.465,1.369,1.259,0.599,0.349,0.526,0.556,0.54,0.655,1.267,0.298,0.616,0.475,0.21,0.129,0.159,0.076,1.028,1.262,1.158,1.92,1.94,1.938,1.64,1.682,1.698,1.39,1.414,1.697,1.666,1.614,1.662,1.518,1.517,0.447,0.449,0.683,1.39,1.089,0.291,0.384,0.175,0.326,0.383,0.094,0.145,0.133
34.33,1.412,1.203,1.39,1.814,1.79,1.645,1.686,0.815,1.592,1.465,1.371,1.26,0.6,0.35,0.527,0.557,0.54,0.656,1.309,0.312,0.614,0.475,0.21,0.129,0.16,0.076,1.03,1.266,1.158,1.921,1.94,1.939,1.641,1.682,1.7,1.391,1.415,1.698,1.667,1.615,1.662,1.518,1.518,0.449,0.45,0.684,1.392,1.089,0.297666667,0.389666667,0.180666667,0.338666667,0.396666667,0.099,0.153,0.141
34.67,1.412,1.204,1.391,1.814,1.791,1.645,1.686,0.816,1.592,1.466,1.372,1.261,0.603,0.352,0.528,0.558,0.541,0.657,1.35,0.328,0.616,0.476,0.21,0.129,0.161,0.076,1.03,1.27,1.16,1.921,1.94,1.939,1.642,1.683,1.7,1.392,1.417,1.698,1.668,1.617,1.664,1.52,1.519,0.451,0.452,0.686,1.393,1.094,0.305,0.396,0.187,0.353,0.412,0.105,0.16,0.148
35,1.413,1.205,1.392,1.815,1.791,1.645,1.686,0.816,1.593,1.466,1.371,1.262,0.602,0.353,0.529,0.559,0.543,0.658,1.389,0.344,0.617,0.477,0.211,0.13,0.16,0.076,1.032,1.274,1.161,1.92,1.94,1.938,1.641,1.683,1.7,1.392,1.418,1.699,1.668,1.616,1.663,1.52,1.52,0.451,0.452,0.687,1.393,1.092,0.313,0.402,0.195,0.367,0.425,0.111,0.168,0.158
35.33,1.414,1.206,1.392,1.815,1.791,1.646,1.687,0.816,1.592,1.467,1.371,1.263,0.603,0.354,0.529,0.56,0.543,0.659,1.429,0.36,0.616,0.477,0.211,0.13,0.16,0.076,1.032,1.278,1.161,1.92,1.94,1.938,1.641,1.682,1.699,1.392,1.417,1.699,1.668,1.617,1.664,1.521,1.521,0.453,0.453,0.688,1.394,1.092,0.321666667,0.406666667,0.202666667,0.381666667,0.440666667,0.117,0.177,0.167
35.67,1.414,1.207,1.392,1.815,1.792,1.646,1.687,0.818,1.592,1.466,1.372,1.264,0.604,0.355,0.531,0.561,0.544,0.66,1.469,0.377,0.617,0.477,0.212,0.13,0.161,0.077,1.033,1.281,1.163,1.919,1.939,1.937,1.641,1.682,1.699,1.392,1.416,1.698,1.668,1.617,1.664,1.521,1.521,0.453,0.454,0.688,1.394,1.093,0.329666667,0.410666667,0.209666667,0.396666667,0.456666667,0.124,0.187,0.177
36,1.416,1.208,1.393,1.816,1.792,1.646,1.687,0.818,1.593,1.467,1.371,1.264,0.604,0.357,0.532,0.562,0.544,0.661,1.508,0.396,0.618,0.478,0.212,0.13,0.162,0.077,1.034,1.286,1.163,1.918,1.938,1.936,1.64,1.682,1.699,1.391,1.416,1.698,1.669,1.617,1.664,1.521,1.521,0.454,0.453,0.689,1.394,1.092,0.337333333,0.413333333,0.217333333,0.413333333,0.472333333,0.131,0.197,0.188
36.33,1.417,1.209,1.393,1.816,1.792,1.647,1.687,0.819,1.594,1.468,1.373,1.266,0.605,0.357,0.532,0.563,0.546,0.662,1.545,0.414,0.619,0.478,0.213,0.13,0.162,0.077,1.035,1.288,1.164,1.918,1.938,1.936,1.641,1.682,1.699,1.392,1.417,1.698,1.669,1.617,1.665,1.522,1.522,0.456,0.454,0.691,1.394,1.092,0.345666667,0.415666667,0.225666667,0.429666667,0.489666667,0.138,0.209,0.199
36.67,1.417,1.21,1.394,1.816,1.793,1.646,1.687,0.819,1.594,1.468,1.373,1.267,0.606,0.359,0.533,0.564,0.546,0.661,1.583,0.433,0.621,0.478,0.213,0.13,0.162,0.077,1.035,1.292,1.166,1.918,1.938,1.937,1.641,1.683,1.7,1.393,1.418,1.699,1.671,1.619,1.666,1.523,1.524,0.458,0.456,0.693,1.396,1.093,0.355,0.419,0.235,0.449,0.508,0.147,0.22,0.211
37,1.417,1.21,1.394,1.817,1.793,1.647,1.688,0.819,1.595,1.469,1.374,1.267,0.607,0.36,0.535,0.564,0.547,0.664,1.616,0.45,0.618,0.479,0.213,0.13,0.162,0.077,1.036,1.295,1.167,1.918,1.938,1.936,1.642,1.683,1.7,1.394,1.418,1.699,1.671,1.619,1.667,1.524,1.524,0.459,0.457,0.694,1.396,1.094,0.361666667,0.419666667,0.244666667,0.465666667,0.526666667,0.155,0.231,0.224
37.33,1.418,1.212,1.394,1.817,1.793,1.647,1.688,0.82,1.595,1.469,1.375,1.27,0.608,0.361,0.535,0.566,0.548,0.664,1.647,0.47,0.621,0.479,0.213,0.13,0.163,0.077,1.038,1.298,1.167,1.918,1.937,1.935,1.641,1.682,1.699,1.394,1.417,1.699,1.671,1.619,1.667,1.524,1.524,0.459,0.457,0.695,1.397,1.094,0.371,0.421,0.255,0.485,0.546,0.165,0.243,0.237
37.67,1.418,1.213,1.395,1.817,1.793,1.647,1.687,0.82,1.596,1.471,1.377,1.272,0.609,0.363,0.536,0.566,0.549,0.665,1.674,0.492,0.621,0.479,0.214,0.131,0.163,0.077,1.039,1.302,1.169,1.918,1.937,1.935,1.641,1.682,1.7,1.394,1.418,1.699,1.672,1.62,1.668,1.525,1.525,0.461,0.458,0.696,1.397,1.094,0.380333333,0.423333333,0.268333333,0.503333333,0.567333333,0.175,0.255,0.252
38,1.419,1.214,1.395,1.818,1.794,1.647,1.688,0.821,1.596,1.471,1.376,1.271,0.609,0.364,0.537,0.567,0.55,0.665,1.699,0.517,0.62,0.48,0.214,0.131,0.164,0.077,1.04,1.304,1.17,1.918,1.937,1.936,1.642,1.683,1.7,1.394,1.418,1.7,1.672,1.621,1.669,1.526,1.526,0.462,0.459,0.697,1.398,1.093,0.389,0.423,0.278,0.522,0.587,0.187,0.267,0.269
38.33,1.42,1.216,1.395,1.818,1.794,1.647,1.688,0.822,1.595,1.471,1.377,1.274,0.611,0.365,0.538,0.568,0.551,0.665,1.716,0.539,0.62,0.481,0.215,0.131,0.164,0.078,1.042,1.308,1.171,1.917,1.937,1.934,1.642,1.682,1.699,1.395,1.418,1.699,1.672,1.621,1.668,1.526,1.526,0.463,0.459,0.698,1.399,1.095,0.394,0.421,0.286,0.539,0.606,0.201,0.279,0.287
38.67,1.421,1.218,1.395,1.818,1.795,1.648,1.687,0.822,1.596,1.472,1.376,1.274,0.612,0.367,0.539,0.569,0.552,0.667,1.734,0.562,0.62,0.481,0.215,0.132,0.163,0.078,1.043,1.31,1.172,1.917,1.937,1.935,1.643,1.684,1.7,1.396,1.42,1.7,1.674,1.622,1.67,1.527,1.528,0.465,0.462,0.699,1.4,1.098,0.404666667,0.424666667,0.300666667,0.562666667,0.631666667,0.215,0.292,0.306
39,1.421,1.219,1.396,1.819,1.794,1.648,1.688,0.822,1.596,1.47,1.379,1.275,0.613,0.369,0.538,0.57,0.553,0.668,1.746,0.589,0.621,0.482,0.216,0.132,0.164,0.078,1.044,1.313,1.173,1.916,1.936,1.934,1.642,1.683,1.7,1.395,1.419,1.699,1.673,1.623,1.67,1.528,1.529,0.466,0.462,0.701,1.4,1.098,0.409666667,0.424666667,0.312666667,0.583666667,0.655666667,0.229,0.303,0.327
39.33,1.422,1.221,1.397,1.819,1.795,1.648,1.689,0.823,1.597,1.469,1.379,1.273,0.613,0.369,0.54,0.571,0.554,0.668,1.755,0.612,0.622,0.482,0.216,0.132,0.164,0.078,1.044,1.315,1.174,1.917,1.936,1.934,1.643,1.684,1.7,1.396,1.421,1.7,1.674,1.623,1.671,1.529,1.529,0.468,0.463,0.702,1.4,1.098,0.415,0.425,0.325,0.604,0.679,0.246,0.313,0.35
39.67,1.424,1.223,1.398,1.819,1.795,1.648,1.688,0.823,1.597,1.47,1.378,1.274,0.614,0.371,0.541,0.572,0.554,0.67,1.761,0.636,0.621,0.482,0.216,0.132,0.165,0.078,1.045,1.318,1.174,1.917,1.936,1.934,1.643,1.684,1.7,1.397,1.421,1.7,1.675,1.624,1.672,1.53,1.531,0.469,0.464,0.704,1.403,1.1,0.419333333,0.423333333,0.335333333,0.626333333,0.703333333,0.263,0.322,0.374
40,1.424,1.224,1.398,1.819,1.796,1.649,1.688,0.824,1.597,1.473,1.38,1.275,0.615,0.372,0.541,0.573,0.555,0.671,1.768,0.658,0.622,0.482,0.217,0.132,0.165,0.078,1.046,1.321,1.175,1.916,1.934,1.933,1.642,1.682,1.699,1.396,1.42,1.699,1.674,1.624,1.671,1.53,1.53,0.469,0.464,0.704,1.403,1.098,0.426666667,0.426666667,0.350666667,0.653666667,0.732666667,0.281,0.33,0.4
40.33,1.425,1.227,1.399,1.82,1.796,1.649,1.688,0.825,1.598,1.472,1.378,1.275,0.616,0.373,0.542,0.574,0.556,0.672,1.771,0.679,0.621,0.482,0.217,0.132,0.164,0.078,1.046,1.323,1.176,1.916,1.935,1.933,1.643,1.683,1.699,1.397,1.42,1.7,1.675,1.625,1.672,1.531,1.531,0.471,0.465,0.705,1.403,1.099,0.430666667,0.425666667,0.363666667,0.674666667,0.757666667,0.298,0.337,0.426
40.67,1.426,1.229,1.4,1.82,1.797,1.649,1.689,0.824,1.598,1.473,1.381,1.276,0.616,0.374,0.543,0.575,0.557,0.672,1.774,0.697,0.622,0.483,0.217,0.133,0.164,0.078,1.048,1.325,1.176,1.916,1.935,1.933,1.643,1.684,1.7,1.398,1.421,1.7,1.676,1.625,1.673,1.532,1.532,0.473,0.467,0.706,1.403,1.102,0.431333333,0.424333333,0.378333333,0.695333333,0.785333333,0.317,0.343,0.453
41,1.427,1.231,1.401,1.82,1.797,1.649,1.69,0.824,1.599,1.474,1.38,1.277,0.617,0.375,0.542,0.576,0.559,0.674,1.777,0.716,0.622,0.483,0.218,0.133,0.165,0.079,1.049,1.327,1.177,1.915,1.934,1.932,1.643,1.683,1.7,1.398,1.421,1.7,1.676,1.626,1.673,1.532,1.532,0.474,0.467,0.707,1.404,1.1,0.431666667,0.423666667,0.389666667,0.715666667,0.808666667,0.335,0.349,0.479
41.33,1.428,1.233,1.402,1.821,1.797,1.649,1.69,0.825,1.6,1.476,1.381,1.279,0.617,0.377,0.544,0.577,0.56,0.675,1.778,0.733,0.622,0.483,0.218,0.133,0.166,0.079,1.05,1.329,1.178,1.915,1.935,1.932,1.643,1.683,1.7,1.398,1.421,1.701,1.676,1.627,1.674,1.532,1.532,0.476,0.468,0.708,1.405,1.102,0.436666667,0.426666667,0.403666667,0.739666667,0.838666667,0.35,0.353,0.504
41.67,1.43,1.235,1.402,1.821,1.797,1.65,1.691,0.825,1.6,1.475,1.38,1.279,0.617,0.378,0.544,0.578,0.56,0.675,1.779,0.749,0.623,0.484,0.219,0.133,0.166,0.079,1.05,1.331,1.179,1.915,1.935,1.932,1.643,1.684,1.7,1.397,1.42,1.701,1.677,1.627,1.674,1.533,1.534,0.477,0.469,0.71,1.405,1.103,0.438333333,0.427333333,0.413333333,0.758333333,0.866333333,0.365,0.358,0.527
42,1.431,1.236,1.404,1.822,1.798,1.65,1.691,0.825,1.601,1.476,1.381,1.278,0.618,0.379,0.545,0.579,0.561,0.676,1.781,0.763,0.622,0.484,0.218,0.133,0.166,0.079,1.05,1.333,1.179,1.914,1.934,1.932,1.643,1.684,1.7,1.399,1.422,1.7,1.677,1.627,1.675,1.534,1.534,0.479,0.47,0.711,1.405,1.102,0.437333333,0.425333333,0.418333333,0.770333333,0.892333333,0.379,0.361,0.548
42.33,1.432,1.238,1.405,1.822,1.798,1.65,1.691,0.825,1.601,1.475,1.382,1.279,0.618,0.38,0.544,0.58,0.563,0.678,1.782,0.775,0.625,0.484,0.219,0.133,0.166,0.079,1.052,1.335,1.181,1.915,1.934,1.932,1.644,1.684,1.7,1.399,1.422,1.701,1.678,1.629,1.676,1.536,1.535,0.481,0.472,0.712,1.407,1.104,0.436333333,0.423333333,0.422333333,0.783333333,0.912333333,0.39,0.365,0.564
42.67,1.434,1.24,1.406,1.822,1.798,1.651,1.691,0.826,1.601,1.478,1.382,1.279,0.619,0.381,0.544,0.581,0.564,0.679,1.782,0.785,0.623,0.484,0.219,0.133,0.167,0.079,1.051,1.336,1.182,1.914,1.933,1.931,1.644,1.684,1.7,1.399,1.422,1.7,1.678,1.628,1.676,1.535,1.535,0.481,0.472,0.712,1.406,1.104,0.439333333,0.427333333,0.429333333,0.796333333,0.933333333,0.4,0.367,0.579
43,1.435,1.242,1.407,1.823,1.799,1.651,1.691,0.827,1.603,1.476,1.385,1.282,0.619,0.383,0.544,0.582,0.564,0.68,1.782,0.8,0.624,0.485,0.22,0.134,0.167,0.08,1.053,1.339,1.183,1.915,1.934,1.931,1.644,1.685,1.7,1.4,1.423,1.701,1.679,1.63,1.677,1.537,1.537,0.483,0.474,0.714,1.408,1.106,0.439333333,0.428333333,0.432333333,0.802333333,0.950333333,0.409,0.371,0.591
43.33,1.436,1.244,1.409,1.823,1.799,1.652,1.691,0.827,1.602,1.476,1.384,1.28,0.621,0.384,0.546,0.583,0.565,0.681,1.782,0.806,0.623,0.485,0.22,0.133,0.167,0.079,1.054,1.341,1.184,1.914,1.933,1.931,1.644,1.684,1.7,1.4,1.423,1.701,1.679,1.63,1.677,1.537,1.538,0.485,0.474,0.716,1.408,1.106,0.437333333,0.426333333,0.433333333,0.808333333,0.959333333,0.415,0.372,0.602
43.67,1.438,1.246,1.411,1.824,1.799,1.652,1.692,0.828,1.603,1.479,1.385,1.282,0.62,0.385,0.546,0.584,0.567,0.682,1.784,0.817,0.623,0.486,0.22,0.134,0.168,0.079,1.055,1.342,1.184,1.913,1.932,1.93,1.644,1.684,1.7,1.4,1.423,1.701,1.679,1.629,1.677,1.537,1.537,0.487,0.474,0.716,1.407,1.106,0.437,0.427,0.435,0.812,0.969,0.419,0.374,0.609
44,1.439,1.247,1.412,1.823,1.8,1.652,1.692,0.829,1.602,1.478,1.387,1.283,0.622,0.386,0.546,0.584,0.567,0.683,1.784,0.827,0.625,0.486,0.222,0.135,0.168,0.08,1.054,1.344,1.186,1.913,1.933,1.931,1.644,1.684,1.7,1.4,1.424,1.701,1.68,1.63,1.678,1.538,1.538,0.488,0.476,0.718,1.409,1.107,0.439333333,0.428333333,0.441333333,0.816333333,0.980333333,0.422,0.375,0.615
44.33,1.441,1.248,1.414,1.824,1.8,1.651,1.691,0.83,1.602,1.481,1.388,1.286,0.624,0.388,0.548,0.585,0.568,0.683,1.784,0.833,0.625,0.486,0.222,0.134,0.167,0.079,1.056,1.345,1.186,1.913,1.932,1.93,1.644,1.684,1.7,1.4,1.425,1.701,1.681,1.631,1.679,1.539,1.539,0.49,0.477,0.719,1.409,1.108,0.44,0.428,0.443,0.818,0.988,0.424,0.377,0.62
44.67,1.443,1.25,1.416,1.824,1.8,1.651,1.691,0.831,1.603,1.479,1.387,1.284,0.625,0.39,0.55,0.586,0.568,0.683,1.784,0.839,0.626,0.486,0.222,0.134,0.168,0.08,1.056,1.347,1.187,1.913,1.932,1.93,1.644,1.684,1.701,1.4,1.424,1.701,1.681,1.631,1.68,1.539,1.54,0.491,0.478,0.72,1.411,1.11,0.438333333,0.426333333,0.443333333,0.818333333,0.991333333,0.425,0.378,0.624
45,1.445,1.251,1.418,1.824,1.8,1.652,1.691,0.832,1.603,1.48,1.389,1.285,0.626,0.391,0.551,0.587,0.568,0.683,1.784,0.846,0.623,0.487,0.223,0.134,0.168,0.08,1.057,1.348,1.188,1.913,1.932,1.93,1.644,1.684,1.7,1.401,1.425,1.701,1.681,1.631,1.68,1.54,1.54,0.494,0.479,0.721,1.41,1.11,0.438666667,0.425666667,0.442666667,0.819666667,0.994666667,0.427,0.38,0.627
45.33,1.447,1.252,1.42,1.824,1.8,1.652,1.69,0.832,1.602,1.48,1.391,1.284,0.627,0.393,0.552,0.587,0.569,0.683,1.785,0.851,0.627,0.487,0.223,0.135,0.168,0.08,1.058,1.35,1.188,1.913,1.931,1.93,1.644,1.684,1.7,1.401,1.425,1.701,1.681,1.632,1.681,1.54,1.541,0.495,0.48,0.722,1.411,1.11,0.441,0.428,0.447,0.822,1.003,0.429,0.38,0.629
45.67,1.448,1.252,1.422,1.824,1.8,1.652,1.69,0.832,1.603,1.479,1.389,1.284,0.629,0.396,0.554,0.588,0.569,0.682,1.785,0.856,0.626,0.488,0.224,0.135,0.169,0.081,1.06,1.351,1.19,1.912,1.931,1.929,1.643,1.684,1.7,1.401,1.425,1.7,1.682,1.631,1.68,1.54,1.541,0.496,0.481,0.722,1.412,1.11,0.439333333,0.427333333,0.447333333,0.822333333,1.003333333,0.43,0.383,0.632
46,1.45,1.253,1.424,1.824,1.801,1.651,1.691,0.833,1.602,1.481,1.39,1.285,0.631,0.397,0.555,0.588,0.569,0.682,1.784,0.863,0.628,0.488,0.224,0.136,0.169,0.081,1.061,1.354,1.19,1.912,1.931,1.929,1.644,1.685,1.701,1.401,1.425,1.701,1.683,1.633,1.681,1.542,1.543,0.498,0.483,0.724,1.413,1.112,0.438333333,0.426333333,0.447333333,0.822333333,1.004333333,0.431,0.384,0.634
46.33,1.452,1.254,1.426,1.825,1.801,1.651,1.691,0.835,1.602,1.481,1.391,1.286,0.633,0.399,0.558,0.589,0.569,0.682,1.785,0.866,0.628,0.488,0.224,0.135,0.169,0.081,1.061,1.355,1.191,1.912,1.93,1.928,1.644,1.684,1.7,1.402,1.425,1.701,1.683,1.633,1.682,1.542,1.543,0.5,0.484,0.724,1.412,1.11,0.439666667,0.427666667,0.449666667,0.824666667,1.007666667,0.432,0.384,0.636
46.67,1.453,1.254,1.429,1.825,1.801,1.651,1.689,0.835,1.601,1.481,1.393,1.286,0.634,0.401,0.56,0.59,0.569,0.681,1.784,0.869,0.626,0.489,0.224,0.136,0.169,0.081,1.061,1.356,1.192,1.91,1.929,1.928,1.643,1.683,1.699,1.401,1.425,1.7,1.683,1.633,1.682,1.542,1.543,0.5,0.484,0.725,1.412,1.11,0.440333333,0.428333333,0.450333333,0.826333333,1.011333333,0.433,0.386,0.637
47,1.455,1.255,1.432,1.825,1.801,1.651,1.689,0.836,1.602,1.482,1.393,1.286,0.636,0.402,0.562,0.59,0.57,0.682,1.784,0.874,0.628,0.489,0.225,0.136,0.17,0.081,1.063,1.357,1.193,1.911,1.93,1.929,1.644,1.683,1.7,1.402,1.425,1.701,1.683,1.634,1.683,1.544,1.544,0.503,0.486,0.726,1.414,1.112,0.438666667,0.425666667,0.449666667,0.825666667,1.012666667,0.433,0.387,0.638
47.33,1.457,1.256,1.435,1.825,1.801,1.651,1.689,0.837,1.601,1.479,1.392,1.284,0.636,0.404,0.564,0.59,0.569,0.682,1.785,0.878,0.629,0.489,0.226,0.136,0.17,0.081,1.064,1.358,1.194,1.911,1.93,1.928,1.644,1.683,1.7,1.402,1.424,1.701,1.684,1.635,1.684,1.544,1.545,0.505,0.487,0.727,1.414,1.112,0.44,0.427,0.452,0.827,1.015,0.434,0.388,0.64
47.67,1.459,1.258,1.437,1.825,1.801,1.651,1.689,0.838,1.602,1.48,1.394,1.287,0.638,0.406,0.565,0.591,0.57,0.682,1.784,0.881,0.627,0.49,0.225,0.136,0.17,0.081,1.063,1.359,1.195,1.91,1.929,1.927,1.644,1.684,1.7,1.403,1.425,1.701,1.684,1.635,1.684,1.545,1.545,0.506,0.488,0.728,1.415,1.114,0.44,0.427,0.452,0.827,1.018,0.435,0.388,0.64
48,1.462,1.258,1.44,1.826,1.801,1.651,1.688,0.839,1.602,1.482,1.395,1.287,0.64,0.408,0.565,0.593,0.571,0.683,1.785,0.89,0.629,0.49,0.226,0.137,0.17,0.081,1.064,1.36,1.195,1.91,1.929,1.927,1.644,1.683,1.7,1.403,1.425,1.701,1.685,1.636,1.684,1.545,1.546,0.507,0.489,0.728,1.415,1.115,0.437333333,0.425333333,0.451333333,0.826333333,1.017333333,0.436,0.389,0.642
48.33,1.464,1.259,1.443,1.826,1.809,1.651,1.689,0.839,1.602,1.483,1.396,1.289,0.64,0.409,0.566,0.593,0.572,0.683,1.784,0.893,0.628,0.491,0.226,0.137,0.171,0.082,1.066,1.362,1.196,1.91,1.928,1.927,1.644,1.683,1.699,1.402,1.424,1.701,1.685,1.635,1.684,1.545,1.546,0.508,0.49,0.729,1.416,1.115,0.440666667,0.426666667,0.454666667,0.828666667,1.020666667,0.437,0.39,0.643
48.67,1.467,1.261,1.446,1.826,1.809,1.651,1.689,0.84,1.603,1.483,1.394,1.288,0.642,0.41,0.568,0.594,0.573,0.683,1.785,0.902,0.629,0.491,0.226,0.137,0.171,0.082,1.065,1.363,1.197,1.909,1.927,1.926,1.644,1.683,1.699,1.402,1.424,1.7,1.684,1.635,1.684,1.545,1.546,0.509,0.49,0.729,1.415,1.116,0.438666667,0.425666667,0.454666667,0.828666667,1.020666667,0.437,0.392,0.644
49,1.469,1.262,1.45,1.826,1.809,1.652,1.689,0.841,1.603,1.483,1.395,1.288,0.642,0.412,0.569,0.595,0.572,0.683,1.785,0.908,0.63,0.491,0.227,0.137,0.171,0.082,1.067,1.365,1.198,1.91,1.928,1.926,1.644,1.683,1.7,1.403,1.425,1.701,1.686,1.636,1.686,1.546,1.547,0.511,0.491,0.731,1.416,1.116,0.440666667,0.426666667,0.455666667,0.829666667,1.026666667,0.438,0.393,0.645
49.33,1.472,1.263,1.453,1.827,1.809,1.652,1.688,0.841,1.602,1.485,1.396,1.294,0.643,0.413,0.57,0.596,0.573,0.685,1.785,0.915,0.628,0.491,0.227,0.137,0.171,0.081,1.067,1.365,1.198,1.909,1.927,1.926,1.645,1.683,1.699,1.403,1.425,1.701,1.686,1.637,1.686,1.547,1.547,0.512,0.493,0.731,1.417,1.118,0.440333333,0.425333333,0.457333333,0.829333333,1.029333333,0.439,0.393,0.646
49.67,1.475,1.265,1.457,1.827,1.809,1.652,1.689,0.842,1.602,1.483,1.393,1.291,0.646,0.414,0.57,0.596,0.574,0.684,1.786,0.922,0.631,0.491,0.228,0.137,0.171,0.082,1.069,1.366,1.199,1.908,1.927,1.926,1.643,1.682,1.699,1.402,1.424,1.701,1.686,1.637,1.686,1.547,1.548,0.513,0.493,0.732,1.417,1.116,0.44,0.426,0.459,0.831,1.03,0.44,0.395,0.647
50,1.478,1.266,1.461,1.827,1.809,1.652,1.69,0.843,1.602,1.487,1.396,1.295,0.648,0.416,0.572,0.597,0.575,0.685,1.786,0.925,0.631,0.491,0.23,0.138,0.172,0.082,1.068,1.367,1.2,1.909,1.926,1.926,1.643,1.682,1.699,1.404,1.425,1.701,1.687,1.638,1.687,1.548,1.548,0.515,0.495,0.734,1.417,1.118,0.440666667,0.426666667,0.458666667,0.831666667,1.031666667,0.44,0.395,0.648
50.33,1.481,1.267,1.465,1.827,1.81,1.652,1.69,0.843,1.603,1.485,1.395,1.293,0.648,0.418,0.573,0.598,0.576,0.686,1.786,0.93,0.633,0.492,0.231,0.138,0.172,0.082,1.069,1.368,1.2,1.909,1.927,1.925,1.644,1.682,1.699,1.404,1.426,1.701,1.687,1.638,1.687,1.548,1.549,0.517,0.495,0.735,1.418,1.118,0.442333333,0.426333333,0.460333333,0.832333333,1.033333333,0.44,0.396,0.649
50.67,1.483,1.269,1.469,1.827,1.81,1.652,1.689,0.844,1.604,1.487,1.396,1.294,0.65,0.42,0.576,0.598,0.577,0.686,1.787,0.938,0.634,0.492,0.232,0.139,0.173,0.083,1.069,1.37,1.202,1.908,1.926,1.925,1.643,1.683,1.699,1.404,1.426,1.701,1.687,1.639,1.687,1.549,1.55,0.517,0.496,0.735,1.418,1.12,0.443333333,0.426333333,0.460333333,0.833333333,1.035333333,0.441,0.397,0.65
51,1.486,1.27,1.473,1.828,1.81,1.653,1.689,0.845,1.603,1.488,1.395,1.296,0.651,0.42,0.576,0.599,0.577,0.686,1.787,0.945,0.634,0.492,0.232,0.139,0.173,0.083,1.069,1.371,1.203,1.908,1.926,1.925,1.644,1.683,1.7,1.404,1.428,1.701,1.688,1.639,1.688,1.55,1.551,0.519,0.497,0.736,1.419,1.12,0.442333333,0.426333333,0.461333333,0.834333333,1.036333333,0.442,0.398,0.65
51.33,1.489,1.271,1.477,1.828,1.811,1.652,1.689,0.845,1.604,1.489,1.395,1.297,0.653,0.422,0.577,0.6,0.578,0.687,1.788,0.949,0.636,0.493,0.233,0.139,0.174,0.083,1.07,1.371,1.203,1.908,1.926,1.925,1.644,1.683,1.7,1.404,1.425,1.701,1.688,1.639,1.689,1.551,1.551,0.52,0.498,0.738,1.42,1.12,0.441666667,0.425666667,0.461666667,0.833666667,1.037666667,0.442,0.398,0.651
51.67,1.491,1.273,1.481,1.829,1.81,1.652,1.69,0.847,1.603,1.491,1.397,1.301,0.654,0.423,0.579,0.601,0.578,0.686,1.788,0.955,0.638,0.493,0.233,0.139,0.174,0.083,1.069,1.373,1.204,1.908,1.926,1.925,1.644,1.683,1.7,1.404,1.426,1.701,1.689,1.64,1.69,1.552,1.552,0.521,0.498,0.739,1.42,1.123,0.441333333,0.425333333,0.462333333,0.834333333,1.038333333,0.442,0.398,0.652
52,1.494,1.275,1.485,1.828,1.811,1.653,1.69,0.848,1.604,1.492,1.397,1.301,0.655,0.426,0.579,0.602,0.58,0.687,1.789,0.961,0.639,0.493,0.234,0.14,0.174,0.083,1.07,1.374,1.205,1.907,1.925,1.924,1.644,1.682,1.7,1.404,1.426,1.701,1.689,1.64,1.69,1.552,1.553,0.522,0.499,0.739,1.421,1.123,0.443,0.427,0.467,0.837,1.04,0.442,0.4,0.653
52.33,1.497,1.277,1.49,1.829,1.811,1.654,1.689,0.848,1.604,1.489,1.394,1.297,0.656,0.427,0.581,0.603,0.58,0.689,1.79,0.967,0.64,0.493,0.235,0.14,0.175,0.083,1.069,1.375,1.205,1.907,1.925,1.925,1.644,1.683,1.699,1.404,1.426,1.701,1.689,1.641,1.69,1.553,1.553,0.524,0.5,0.74,1.421,1.123,0.443666667,0.427666667,0.468666667,0.838666667,1.042666667,0.443,0.4,0.653
52.67,1.5,1.278,1.494,1.829,1.811,1.654,1.689,0.849,1.606,1.493,1.398,1.3,0.657,0.429,0.583,0.604,0.581,0.688,1.789,0.973,0.641,0.494,0.236,0.141,0.176,0.084,1.069,1.376,1.207,1.906,1.925,1.923,1.643,1.682,1.699,1.404,1.425,1.7,1.689,1.639,1.69,1.553,1.553,0.525,0.5,0.74,1.421,1.123,0.443,0.427,0.469,0.838,1.048,0.442,0.401,0.655
53,1.501,1.279,1.497,1.83,1.812,1.653,1.689,0.85,1.605,1.493,1.397,1.303,0.658,0.43,0.583,0.604,0.582,0.689,1.789,0.977,0.643,0.494,0.237,0.142,0.177,0.084,1.071,1.377,1.208,1.907,1.924,1.924,1.644,1.682,1.699,1.404,1.426,1.701,1.689,1.641,1.69,1.553,1.553,0.526,0.501,0.741,1.422,1.124,0.443,0.429,0.472,0.841,1.046,0.443,0.402,0.655
53.33,1.504,1.281,1.502,1.83,1.812,1.653,1.689,0.85,1.605,1.493,1.397,1.302,0.659,0.431,0.585,0.605,0.584,0.689,1.791,0.987,0.645,0.494,0.237,0.142,0.177,0.084,1.07,1.378,1.209,1.907,1.925,1.924,1.644,1.683,1.7,1.405,1.426,1.701,1.69,1.642,1.692,1.554,1.554,0.527,0.504,0.743,1.423,1.127,0.442333333,0.428333333,0.472333333,0.841333333,1.045333333,0.443,0.403,0.656
53.67,1.506,1.282,1.506,1.83,1.812,1.653,1.69,0.85,1.605,1.492,1.396,1.301,0.66,0.434,0.585,0.606,0.583,0.688,1.791,0.992,0.644,0.494,0.238,0.142,0.178,0.084,1.071,1.379,1.209,1.906,1.924,1.923,1.644,1.682,1.699,1.405,1.426,1.7,1.69,1.642,1.692,1.554,1.554,0.528,0.504,0.743,1.422,1.126,0.444,0.43,0.475,0.844,1.048,0.442,0.403,0.656
54,1.508,1.284,1.51,1.83,1.812,1.653,1.69,0.851,1.606,1.494,1.397,1.302,0.661,0.435,0.587,0.607,0.585,0.69,1.791,1.002,0.648,0.495,0.239,0.143,0.178,0.085,1.07,1.381,1.21,1.905,1.923,1.923,1.644,1.681,1.698,1.404,1.426,1.701,1.69,1.642,1.692,1.554,1.555,0.53,0.505,0.744,1.423,1.127,0.443666667,0.428666667,0.474666667,0.841666667,1.050666667,0.444,0.405,0.659
54.33,1.509,1.284,1.514,1.83,1.813,1.654,1.689,0.852,1.606,1.494,1.399,1.304,0.662,0.437,0.588,0.608,0.586,0.69,1.792,1.008,0.649,0.495,0.24,0.143,0.178,0.085,1.072,1.382,1.211,1.906,1.923,1.922,1.644,1.681,1.698,1.404,1.427,1.7,1.691,1.642,1.692,1.555,1.555,0.53,0.506,0.745,1.422,1.127,0.445666667,0.431666667,0.477666667,0.844666667,1.052666667,0.444,0.405,0.659
54.67,1.511,1.285,1.517,1.83,1.813,1.654,1.689,0.853,1.606,1.494,1.395,1.303,0.664,0.438,0.589,0.609,0.586,0.691,1.792,1.014,0.648,0.495,0.24,0.143,0.179,0.085,1.072,1.382,1.212,1.905,1.923,1.923,1.644,1.682,1.698,1.405,1.426,1.701,1.691,1.643,1.692,1.555,1.556,0.532,0.506,0.746,1.423,1.128,0.444666667,0.430666667,0.477666667,0.845666667,1.052666667,0.444,0.407,0.66
55,1.513,1.287,1.52,1.831,1.814,1.654,1.689,0.853,1.606,1.495,1.395,1.305,0.665,0.44,0.589,0.61,0.587,0.692,1.793,1.022,0.649,0.496,0.241,0.143,0.179,0.085,1.072,1.383,1.212,1.904,1.923,1.922,1.644,1.681,1.698,1.405,1.426,1.701,1.691,1.643,1.693,1.555,1.557,0.534,0.509,0.748,1.424,1.13,0.446,0.431,0.48,0.845,1.054,0.445,0.408,0.661
55.33,1.515,1.287,1.524,1.831,1.814,1.654,1.689,0.855,1.607,1.495,1.396,1.304,0.667,0.442,0.592,0.611,0.588,0.691,1.794,1.026,0.648,0.496,0.246,0.144,0.18,0.085,1.073,1.384,1.213,1.905,1.923,1.923,1.644,1.682,1.698,1.405,1.427,1.701,1.692,1.643,1.694,1.557,1.557,0.535,0.51,0.748,1.425,1.13,0.446666667,0.430666667,0.480666667,0.845666667,1.053666667,0.447,0.409,0.663
55.67,1.517,1.289,1.527,1.831,1.814,1.655,1.689,0.855,1.607,1.492,1.397,1.304,0.668,0.443,0.591,0.611,0.589,0.691,1.793,1.03,0.648,0.496,0.247,0.144,0.18,0.085,1.075,1.385,1.213,1.904,1.922,1.922,1.643,1.681,1.697,1.405,1.426,1.7,1.692,1.643,1.694,1.557,1.557,0.535,0.511,0.749,1.424,1.13,0.452666667,0.431666667,0.482666667,0.847666667,1.054666667,0.447,0.41,0.663
56,1.519,1.289,1.53,1.832,1.814,1.655,1.689,0.856,1.607,1.492,1.399,1.304,0.669,0.444,0.594,0.612,0.59,0.692,1.794,1.037,0.647,0.497,0.247,0.144,0.18,0.085,1.075,1.387,1.214,1.903,1.922,1.921,1.643,1.68,1.697,1.405,1.427,1.699,1.692,1.643,1.694,1.556,1.558,0.536,0.511,0.75,1.424,1.131,0.453666667,0.431666667,0.484666667,0.847666667,1.057666667,0.448,0.412,0.664
56.33,1.521,1.29,1.532,1.832,1.814,1.655,1.69,0.857,1.607,1.494,1.398,1.305,0.672,0.446,0.595,0.613,0.59,0.692,1.795,1.042,0.648,0.497,0.248,0.144,0.18,0.086,1.077,1.387,1.215,1.904,1.922,1.922,1.644,1.681,1.697,1.405,1.428,1.7,1.692,1.644,1.694,1.558,1.559,0.538,0.513,0.752,1.425,1.134,0.456333333,0.433333333,0.488333333,0.849333333,1.059333333,0.449,0.413,0.666
56.67,1.523,1.29,1.535,1.832,1.814,1.655,1.689,0.857,1.607,1.495,1.397,1.303,0.673,0.448,0.597,0.614,0.591,0.693,1.796,1.048,0.649,0.497,0.248,0.144,0.18,0.085,1.077,1.388,1.216,1.903,1.921,1.921,1.644,1.68,1.696,1.405,1.426,1.699,1.693,1.644,1.695,1.559,1.559,0.538,0.513,0.752,1.425,1.133,0.456666667,0.433666667,0.489666667,0.851666667,1.058666667,0.449,0.413,0.666
57,1.526,1.292,1.537,1.832,1.815,1.655,1.689,0.858,1.607,1.496,1.398,1.305,0.673,0.45,0.598,0.615,0.592,0.693,1.796,1.053,0.648,0.497,0.248,0.144,0.181,0.086,1.077,1.389,1.216,1.904,1.921,1.922,1.644,1.681,1.696,1.405,1.428,1.699,1.693,1.644,1.695,1.559,1.559,0.54,0.515,0.753,1.425,1.135,0.46,0.434,0.492,0.853,1.061,0.449,0.414,0.668
57.33,1.528,1.292,1.539,1.833,1.815,1.655,1.69,0.858,1.607,1.496,1.397,1.306,0.675,0.451,0.598,0.616,0.593,0.693,1.797,1.058,0.652,0.497,0.249,0.145,0.181,0.086,1.078,1.391,1.218,1.903,1.921,1.921,1.643,1.681,1.696,1.406,1.428,1.7,1.693,1.645,1.696,1.559,1.56,0.541,0.516,0.755,1.427,1.135,0.461666667,0.433666667,0.492666667,0.853666667,1.063666667,0.45,0.415,0.669
57.67,1.531,1.293,1.541,1.833,1.815,1.655,1.689,0.859,1.608,1.495,1.399,1.306,0.676,0.453,0.6,0.617,0.594,0.693,1.797,1.063,0.651,0.499,0.249,0.146,0.181,0.087,1.079,1.392,1.219,1.903,1.921,1.921,1.644,1.681,1.696,1.406,1.429,1.7,1.694,1.646,1.696,1.56,1.56,0.542,0.518,0.757,1.428,1.136,0.469,0.434,0.495,0.854,1.065,0.452,0.417,0.67
58,1.533,1.293,1.543,1.833,1.815,1.656,1.689,0.859,1.608,1.494,1.4,1.305,0.679,0.455,0.601,0.618,0.594,0.694,1.797,1.065,0.655,0.498,0.25,0.146,0.182,0.087,1.079,1.392,1.22,1.902,1.921,1.921,1.644,1.68,1.695,1.406,1.428,1.7,1.694,1.645,1.696,1.56,1.56,0.543,0.519,0.757,1.427,1.137,0.475,0.435,0.496,0.855,1.064,0.451,0.418,0.671
58.33,1.535,1.295,1.545,1.833,1.815,1.657,1.688,0.86,1.608,1.497,1.399,1.306,0.68,0.457,0.603,0.619,0.595,0.695,1.798,1.072,0.655,0.499,0.251,0.147,0.182,0.087,1.081,1.394,1.221,1.902,1.92,1.921,1.644,1.681,1.695,1.407,1.429,1.699,1.694,1.646,1.697,1.561,1.561,0.544,0.52,0.758,1.427,1.138,0.477,0.436,0.498,0.857,1.068,0.453,0.419,0.672
58.67,1.537,1.294,1.546,1.833,1.816,1.657,1.689,0.86,1.608,1.498,1.399,1.305,0.682,0.458,0.604,0.62,0.597,0.695,1.798,1.076,0.654,0.499,0.251,0.146,0.182,0.087,1.081,1.395,1.221,1.902,1.92,1.921,1.644,1.68,1.695,1.406,1.429,1.699,1.694,1.647,1.697,1.561,1.562,0.546,0.521,0.759,1.428,1.139,0.482,0.437,0.5,0.859,1.066,0.454,0.421,0.672
59,1.54,1.295,1.548,1.834,1.816,1.658,1.689,0.861,1.609,1.498,1.399,1.306,0.683,0.46,0.605,0.621,0.597,0.696,1.799,1.083,0.656,0.499,0.252,0.146,0.182,0.087,1.082,1.395,1.222,1.902,1.92,1.92,1.644,1.681,1.694,1.405,1.428,1.699,1.695,1.647,1.697,1.561,1.562,0.546,0.522,0.761,1.428,1.14,0.483333333,0.438333333,0.504333333,0.860333333,1.067333333,0.454,0.421,0.673
59.33,1.541,1.296,1.55,1.834,1.816,1.658,1.689,0.862,1.609,1.499,1.4,1.308,0.685,0.462,0.607,0.622,0.598,0.696,1.799,1.086,0.656,0.499,0.253,0.146,0.182,0.087,1.082,1.396,1.222,1.901,1.92,1.921,1.644,1.681,1.694,1.406,1.428,1.699,1.694,1.647,1.698,1.562,1.563,0.548,0.523,0.762,1.429,1.14,0.488,0.438,0.507,0.861,1.068,0.454,0.422,0.674
59.67,1.544,1.296,1.551,1.834,1.816,1.658,1.69,0.862,1.608,1.499,1.399,1.308,0.686,0.463,0.608,0.623,0.599,0.696,1.8,1.09,0.658,0.499,0.254,0.147,0.183,0.088,1.084,1.397,1.223,1.901,1.92,1.92,1.644,1.681,1.694,1.406,1.429,1.699,1.695,1.648,1.699,1.562,1.564,0.549,0.524,0.763,1.43,1.142,0.491333333,0.440333333,0.512333333,0.863333333,1.068333333,0.455,0.424,0.675
60,1.546,1.296,1.553,1.835,1.817,1.658,1.688,0.863,1.609,1.497,1.403,1.309,0.687,0.466,0.609,0.624,0.599,0.697,1.799,1.091,0.657,0.499,0.254,0.147,0.183,0.087,1.084,1.398,1.224,1.902,1.92,1.92,1.644,1.681,1.694,1.407,1.431,1.699,1.696,1.648,1.699,1.563,1.565,0.55,0.525,0.765,1.43,1.143,0.495,0.438,0.513,0.861,1.07,0.455,0.425,0.676
60.33,1.547,1.297,1.554,1.835,1.817,1.658,1.69,0.863,1.608,1.5,1.403,1.309,0.69,0.467,0.61,0.625,0.6,0.697,1.8,1.097,0.661,0.5,0.257,0.148,0.184,0.088,1.086,1.399,1.225,1.901,1.919,1.919,1.644,1.681,1.692,1.406,1.429,1.699,1.696,1.648,1.699,1.563,1.564,0.552,0.526,0.765,1.431,1.144,0.499666667,0.439666667,0.516666667,0.864666667,1.070666667,0.456,0.425,0.678
60.67,1.548,1.298,1.556,1.835,1.817,1.658,1.689,0.864,1.609,1.501,1.402,1.309,0.691,0.469,0.611,0.626,0.601,0.698,1.799,1.101,0.662,0.5,0.257,0.149,0.185,0.088,1.085,1.4,1.226,1.901,1.92,1.92,1.644,1.681,1.692,1.407,1.431,1.699,1.696,1.649,1.7,1.564,1.565,0.553,0.528,0.768,1.431,1.146,0.507333333,0.440333333,0.519333333,0.864333333,1.072333333,0.457,0.426,0.678
61,1.55,1.298,1.557,1.835,1.817,1.658,1.688,0.864,1.61,1.502,1.402,1.31,0.691,0.471,0.613,0.627,0.602,0.698,1.8,1.104,0.66,0.501,0.26,0.148,0.184,0.088,1.085,1.4,1.226,1.901,1.92,1.919,1.644,1.681,1.69,1.407,1.429,1.699,1.695,1.648,1.7,1.564,1.565,0.554,0.529,0.768,1.431,1.146,0.504,0.442,0.522,0.864,1.074,0.457,0.426,0.679
61.33,1.551,1.299,1.559,1.836,1.818,1.659,1.688,0.865,1.61,1.501,1.403,1.312,0.694,0.472,0.614,0.627,0.603,0.699,1.8,1.108,0.659,0.501,0.262,0.148,0.185,0.088,1.086,1.401,1.226,1.901,1.919,1.92,1.645,1.681,1.69,1.407,1.431,1.699,1.696,1.649,1.7,1.565,1.566,0.556,0.53,0.77,1.431,1.147,0.513,0.442,0.525,0.867,1.076,0.458,0.428,0.68
61.67,1.552,1.3,1.56,1.836,1.818,1.66,1.689,0.866,1.61,1.499,1.404,1.311,0.695,0.474,0.615,0.628,0.604,0.699,1.8,1.112,0.658,0.501,0.265,0.149,0.185,0.089,1.088,1.402,1.227,1.9,1.92,1.919,1.644,1.681,1.69,1.408,1.431,1.7,1.697,1.65,1.701,1.566,1.567,0.557,0.531,0.771,1.432,1.147,0.523666667,0.442666667,0.527666667,0.867666667,1.081666667,0.459,0.429,0.681
62,1.554,1.299,1.561,1.836,1.818,1.66,1.689,0.866,1.61,1.498,1.406,1.311,0.696,0.476,0.618,0.629,0.605,0.699,1.801,1.116,0.659,0.501,0.266,0.149,0.185,0.089,1.088,1.403,1.227,1.9,1.919,1.919,1.644,1.681,1.689,1.408,1.432,1.699,1.697,1.65,1.701,1.566,1.567,0.558,0.533,0.772,1.431,1.151,0.53,0.444,0.533,0.868,1.085,0.46,0.43,0.683
62.33,1.554,1.3,1.563,1.836,1.818,1.66,1.689,0.866,1.61,1.501,1.403,1.311,0.698,0.478,0.618,0.63,0.605,0.699,1.801,1.121,0.66,0.501,0.267,0.149,0.186,0.089,1.089,1.403,1.228,1.9,1.92,1.92,1.644,1.681,1.688,1.408,1.433,1.699,1.697,1.65,1.702,1.566,1.568,0.56,0.535,0.773,1.432,1.152,0.534333333,0.445333333,0.535333333,0.871333333,1.088333333,0.46,0.431,0.683
62.67,1.556,1.3,1.564,1.837,1.818,1.661,1.689,0.867,1.611,1.503,1.404,1.313,0.698,0.479,0.62,0.631,0.606,0.701,1.802,1.124,0.66,0.502,0.267,0.15,0.186,0.089,1.09,1.404,1.228,1.9,1.919,1.92,1.645,1.681,1.688,1.408,1.433,1.699,1.697,1.651,1.702,1.567,1.568,0.561,0.536,0.774,1.433,1.154,0.534333333,0.446333333,0.541333333,0.873333333,1.091333333,0.461,0.433,0.684
63,1.557,1.301,1.565,1.837,1.818,1.661,1.689,0.868,1.611,1.503,1.406,1.313,0.701,0.48,0.622,0.632,0.607,0.701,1.802,1.128,0.66,0.502,0.267,0.149,0.186,0.089,1.089,1.405,1.229,1.9,1.919,1.92,1.645,1.681,1.688,1.409,1.434,1.699,1.697,1.651,1.702,1.567,1.569,0.562,0.537,0.775,1.434,1.158,0.541333333,0.446333333,0.544333333,0.874333333,1.092333333,0.462,0.434,0.685
63.33,1.557,1.301,1.566,1.837,1.819,1.662,1.689,0.868,1.611,1.504,1.404,1.313,0.701,0.481,0.622,0.633,0.608,0.702,1.802,1.13,0.661,0.502,0.268,0.151,0.187,0.09,1.091,1.406,1.231,1.899,1.919,1.92,1.645,1.68,1.687,1.408,1.433,1.699,1.698,1.651,1.703,1.567,1.569,0.562,0.538,0.776,1.434,1.159,0.548,0.447,0.547,0.874,1.092,0.462,0.435,0.686
63.67,1.558,1.302,1.567,1.837,1.819,1.661,1.688,0.869,1.613,1.501,1.407,1.312,0.703,0.483,0.624,0.634,0.608,0.703,1.802,1.133,0.658,0.503,0.268,0.151,0.186,0.09,1.091,1.407,1.231,1.9,1.919,1.921,1.646,1.682,1.687,1.41,1.435,1.699,1.699,1.652,1.704,1.569,1.57,0.564,0.54,0.778,1.435,1.163,0.549,0.448,0.551,0.875,1.092,0.463,0.437,0.687
64,1.559,1.302,1.568,1.837,1.819,1.661,1.689,0.869,1.612,1.504,1.406,1.312,0.703,0.484,0.624,0.634,0.609,0.702,1.803,1.137,0.66,0.502,0.268,0.15,0.186,0.09,1.092,1.407,1.231,1.9,1.919,1.921,1.646,1.682,1.687,1.41,1.434,1.699,1.699,1.652,1.704,1.569,1.57,0.565,0.541,0.778,1.436,1.166,0.563,0.447,0.55,0.873,1.091,0.464,0.437,0.688
64.33,1.56,1.303,1.568,1.837,1.819,1.662,1.689,0.87,1.613,1.504,1.406,1.313,0.704,0.486,0.625,0.635,0.611,0.703,1.803,1.14,0.661,0.503,0.269,0.151,0.186,0.09,1.093,1.407,1.232,1.9,1.919,1.921,1.646,1.681,1.686,1.41,1.435,1.698,1.699,1.652,1.704,1.57,1.571,0.566,0.542,0.779,1.435,1.167,0.559,0.45,0.556,0.877,1.097,0.465,0.439,0.689
64.67,1.56,1.303,1.569,1.838,1.819,1.662,1.688,0.87,1.613,1.506,1.406,1.313,0.706,0.488,0.628,0.636,0.611,0.703,1.803,1.144,0.658,0.503,0.271,0.151,0.187,0.09,1.095,1.409,1.233,1.9,1.919,1.921,1.646,1.681,1.686,1.412,1.434,1.699,1.699,1.653,1.705,1.57,1.572,0.568,0.544,0.78,1.436,1.168,0.564666667,0.452666667,0.557666667,0.877666667,1.107666667,0.466,0.44,0.689
65,1.562,1.303,1.57,1.838,1.819,1.662,1.688,0.871,1.612,1.505,1.406,1.313,0.708,0.489,0.628,0.638,0.612,0.702,1.804,1.146,0.659,0.507,0.272,0.151,0.187,0.09,1.094,1.41,1.234,1.899,1.919,1.921,1.645,1.681,1.685,1.411,1.434,1.699,1.699,1.653,1.704,1.57,1.572,0.569,0.545,0.781,1.437,1.171,0.532,0.455,0.561,0.881,1.111,0.467,0.442,0.69
65.33,1.563,1.304,1.57,1.838,1.82,1.662,1.688,0.871,1.614,1.504,1.409,1.314,0.71,0.491,0.629,0.638,0.613,0.703,1.804,1.151,0.662,0.507,0.273,0.152,0.187,0.091,1.094,1.41,1.234,1.899,1.919,1.92,1.647,1.682,1.684,1.413,1.435,1.7,1.7,1.654,1.706,1.571,1.572,0.57,0.546,0.782,1.437,1.172,0.528666667,0.459666667,0.563666667,0.883666667,1.112666667,0.467,0.443,0.692
65.67,1.563,1.304,1.571,1.838,1.819,1.663,1.688,0.872,1.613,1.506,1.408,1.313,0.711,0.492,0.631,0.639,0.614,0.705,1.804,1.154,0.662,0.508,0.274,0.152,0.187,0.091,1.095,1.411,1.236,1.9,1.918,1.921,1.646,1.682,1.684,1.413,1.434,1.7,1.7,1.654,1.706,1.571,1.573,0.572,0.547,0.783,1.437,1.174,0.505,0.465,0.568,0.887,1.119,0.468,0.443,0.692
66,1.564,1.304,1.572,1.839,1.82,1.663,1.688,0.873,1.613,1.507,1.407,1.314,0.712,0.493,0.632,0.64,0.614,0.705,1.805,1.154,0.662,0.508,0.274,0.152,0.188,0.091,1.096,1.411,1.236,1.899,1.918,1.92,1.647,1.681,1.684,1.414,1.434,1.7,1.7,1.655,1.706,1.572,1.573,0.573,0.548,0.784,1.437,1.177,0.518,0.465,0.57,0.887,1.124,0.469,0.445,0.693
66.33,1.564,1.305,1.573,1.839,1.82,1.663,1.688,0.874,1.614,1.507,1.407,1.316,0.713,0.495,0.633,0.641,0.616,0.704,1.806,1.157,0.662,0.508,0.275,0.152,0.189,0.091,1.096,1.412,1.237,1.899,1.918,1.919,1.646,1.681,1.684,1.415,1.431,1.7,1.7,1.654,1.707,1.572,1.574,0.574,0.549,0.785,1.437,1.176,0.503333333,0.464333333,0.570333333,0.888333333,1.128333333,0.47,0.446,0.694
66.67,1.565,1.305,1.574,1.838,1.82,1.665,1.688,0.874,1.614,1.504,1.409,1.314,0.716,0.497,0.636,0.641,0.617,0.705,1.806,1.161,0.663,0.509,0.276,0.153,0.189,0.092,1.098,1.413,1.238,1.899,1.917,1.918,1.646,1.681,1.684,1.414,1.432,1.7,1.7,1.654,1.707,1.573,1.574,0.575,0.549,0.785,1.438,1.18,0.494,0.466,0.572,0.89,1.132,0.47,0.448,0.696
67,1.565,1.305,1.574,1.839,1.82,1.666,1.687,0.874,1.614,1.505,1.409,1.312,0.717,0.499,0.636,0.642,0.617,0.706,1.806,1.162,0.663,0.508,0.276,0.153,0.189,0.092,1.098,1.413,1.238,1.9,1.919,1.919,1.647,1.681,1.685,1.417,1.429,1.701,1.701,1.656,1.708,1.574,1.575,0.576,0.55,0.787,1.439,1.184,0.502666667,0.466666667,0.575666667,0.889666667,1.130666667,0.47,0.449,0.697
67.33,1.566,1.306,1.575,1.839,1.82,1.669,1.688,0.875,1.613,1.506,1.409,1.313,0.718,0.501,0.637,0.643,0.617,0.706,1.806,1.164,0.663,0.508,0.277,0.153,0.189,0.091,1.097,1.413,1.238,1.899,1.918,1.917,1.646,1.681,1.685,1.417,1.431,1.7,1.701,1.655,1.708,1.574,1.575,0.577,0.551,0.787,1.439,1.184,0.495666667,0.467666667,0.578666667,0.891666667,1.134666667,0.47,0.449,0.698
67.67,1.566,1.307,1.575,1.84,1.82,1.67,1.688,0.875,1.614,1.507,1.409,1.313,0.719,0.502,0.639,0.644,0.619,0.706,1.806,1.166,0.664,0.509,0.28,0.153,0.189,0.092,1.098,1.414,1.239,1.899,1.917,1.916,1.647,1.681,1.683,1.418,1.43,1.7,1.701,1.655,1.708,1.574,1.575,0.578,0.553,0.788,1.439,1.185,0.486333333,0.469333333,0.584333333,0.894333333,1.141333333,0.47,0.45,0.699
68,1.567,1.307,1.576,1.84,1.821,1.669,1.689,0.877,1.614,1.509,1.41,1.314,0.721,0.504,0.64,0.644,0.62,0.706,1.806,1.169,0.663,0.509,0.282,0.153,0.189,0.092,1.099,1.414,1.239,1.899,1.917,1.915,1.647,1.68,1.682,1.42,1.429,1.701,1.702,1.656,1.709,1.574,1.576,0.579,0.553,0.79,1.439,1.184,0.484666667,0.471666667,0.588666667,0.895666667,1.145666667,0.473,0.451,0.699
68.33,1.568,1.307,1.577,1.84,1.82,1.667,1.688,0.877,1.614,1.509,1.41,1.316,0.722,0.506,0.642,0.645,0.619,0.708,1.806,1.172,0.662,0.511,0.286,0.153,0.19,0.092,1.1,1.415,1.24,1.899,1.917,1.915,1.647,1.68,1.681,1.421,1.426,1.701,1.701,1.655,1.709,1.574,1.576,0.581,0.553,0.79,1.439,1.185,0.469,0.474,0.591,0.897,1.148,0.474,0.453,0.7
68.67,1.567,1.308,1.577,1.84,1.82,1.667,1.688,0.878,1.614,1.507,1.411,1.316,0.725,0.508,0.643,0.646,0.621,0.709,1.806,1.176,0.662,0.511,0.288,0.153,0.189,0.092,1.101,1.416,1.24,1.899,1.917,1.914,1.647,1.679,1.68,1.422,1.423,1.702,1.702,1.657,1.709,1.575,1.577,0.582,0.555,0.79,1.44,1.187,0.458666667,0.474666667,0.595666667,0.897666667,1.147666667,0.474,0.454,0.701
69,1.568,1.308,1.578,1.84,1.821,1.667,1.687,0.878,1.613,1.508,1.412,1.315,0.725,0.508,0.644,0.647,0.621,0.709,1.806,1.181,0.662,0.511,0.29,0.154,0.19,0.092,1.102,1.416,1.241,1.9,1.916,1.913,1.648,1.679,1.679,1.424,1.422,1.704,1.702,1.657,1.709,1.575,1.577,0.583,0.557,0.792,1.442,1.191,0.452666667,0.476666667,0.596666667,0.898666667,1.148666667,0.475,0.456,0.702
69.33,1.568,1.308,1.578,1.84,1.821,1.668,1.687,0.879,1.614,1.509,1.412,1.316,0.727,0.511,0.646,0.648,0.621,0.709,1.805,1.182,0.662,0.51,0.29,0.153,0.188,0.092,1.101,1.416,1.24,1.899,1.915,1.912,1.647,1.679,1.678,1.424,1.416,1.703,1.702,1.656,1.709,1.576,1.577,0.585,0.557,0.793,1.441,1.189,0.446333333,0.480333333,0.603333333,0.900333333,1.146333333,0.475,0.456,0.702
69.67,1.569,1.308,1.579,1.841,1.821,1.669,1.687,0.88,1.614,1.509,1.411,1.317,0.728,0.513,0.647,0.649,0.623,0.71,1.805,1.183,0.659,0.511,0.293,0.154,0.189,0.092,1.103,1.418,1.242,1.899,1.915,1.91,1.647,1.679,1.676,1.427,1.409,1.705,1.702,1.657,1.71,1.576,1.578,0.586,0.558,0.795,1.441,1.192,0.425333333,0.483333333,0.603333333,0.899333333,1.141333333,0.477,0.458,0.704
70,1.57,1.309,1.579,1.841,1.821,1.671,1.687,0.88,1.614,1.511,1.41,1.318,0.73,0.515,0.648,0.65,0.624,0.711,1.804,1.189,0.659,0.511,0.293,0.153,0.189,0.092,1.104,1.418,1.242,1.9,1.915,1.911,1.648,1.679,1.676,1.43,1.398,1.706,1.703,1.658,1.71,1.577,1.579,0.587,0.56,0.796,1.442,1.192,0.438333333,0.486333333,0.621333333,0.902333333,1.135333333,0.478,0.459,0.704
70.33,1.569,1.309,1.58,1.841,1.821,1.672,1.686,0.88,1.615,1.511,1.41,1.318,0.731,0.516,0.65,0.651,0.623,0.712,1.803,1.19,0.662,0.511,0.294,0.155,0.19,0.093,1.105,1.419,1.244,1.901,1.915,1.91,1.649,1.679,1.676,1.433,1.394,1.707,1.704,1.659,1.712,1.578,1.58,0.589,0.563,0.797,1.444,1.194,0.438333333,0.490333333,0.626333333,0.900333333,1.133333333,0.481,0.461,0.706
70.67,1.57,1.309,1.58,1.841,1.822,1.674,1.687,0.881,1.615,1.513,1.411,1.321,0.734,0.518,0.652,0.651,0.624,0.713,1.803,1.192,0.659,0.512,0.294,0.154,0.191,0.093,1.106,1.419,1.244,1.899,1.914,1.908,1.648,1.677,1.673,1.432,1.384,1.707,1.703,1.658,1.711,1.579,1.579,0.589,0.564,0.798,1.444,1.193,0.434666667,0.491666667,0.627666667,0.900666667,1.130666667,0.48,0.463,0.707
71,1.571,1.31,1.581,1.841,1.822,1.674,1.686,0.882,1.614,1.513,1.411,1.321,0.733,0.519,0.654,0.652,0.625,0.713,1.802,1.196,0.661,0.513,0.294,0.154,0.19,0.092,1.106,1.419,1.244,1.9,1.914,1.906,1.648,1.676,1.672,1.435,1.371,1.708,1.703,1.658,1.712,1.579,1.58,0.591,0.565,0.798,1.443,1.193,0.396666667,0.498666667,0.629666667,0.902666667,1.127666667,0.479,0.462,0.708
71.33,1.571,1.31,1.581,1.841,1.822,1.675,1.687,0.882,1.614,1.512,1.411,1.322,0.736,0.52,0.654,0.653,0.626,0.713,1.801,1.197,0.666,0.514,0.298,0.156,0.192,0.094,1.108,1.421,1.246,1.899,1.913,1.905,1.648,1.676,1.67,1.436,1.356,1.709,1.704,1.658,1.711,1.579,1.58,0.592,0.565,0.799,1.443,1.192,0.412666667,0.498666667,0.631666667,0.903666667,1.125666667,0.482,0.465,0.71
71.67,1.572,1.31,1.581,1.841,1.822,1.676,1.686,0.883,1.615,1.509,1.413,1.32,0.736,0.522,0.655,0.653,0.628,0.713,1.801,1.2,0.666,0.512,0.298,0.154,0.19,0.093,1.107,1.42,1.245,1.899,1.914,1.904,1.649,1.676,1.67,1.438,1.336,1.711,1.705,1.659,1.712,1.581,1.581,0.593,0.567,0.801,1.444,1.195,0.386666667,0.499666667,0.633666667,0.901666667,1.111666667,0.483,0.466,0.709
72,1.572,1.311,1.582,1.842,1.822,1.677,1.686,0.884,1.615,1.511,1.412,1.32,0.739,0.524,0.657,0.654,0.627,0.714,1.8,1.204,0.669,0.514,0.299,0.156,0.191,0.094,1.111,1.422,1.247,1.899,1.913,1.903,1.649,1.677,1.67,1.438,1.323,1.712,1.704,1.659,1.712,1.58,1.582,0.594,0.568,0.802,1.443,1.192,0.4,0.508,0.639,0.902,1.105,0.485,0.468,0.712
